,category,regulator,pvalue,qvalue,precision,recall,f1score,TP,regulon_size,imodulon_size,n_regs,single_gene,percent_anaero_essential,percent_aero_essential,explained_variance,genes
nitrogen_fixation,metabolism,,,,,,,,,12,,,0.0,0.0,0.01862965187694865,"['ZMO1_ZMO1823', 'ZMO1_ZMO1824', 'ZMO1_ZMO1825', 'ZMO1_ZMO1826', 'ZMO1_ZMO1827', 'ZMO1_ZMO1828', 'ZMO1_ZMO1829', 'ZMO1_ZMO1831', 'ZMO1_ZMO1832', 'ZMO1_ZMO1833', 'ZMO1_ZMO1834', 'ZMO1_ZMO2028']"
SG_1,single gene,,,,,,,,,1,,True,0.0,0.0,0.00116595752789872,['ZMO1_ZMO2070']
siderophore_receptor,transport,,,,,,,,,9,,,0.0,0.222222222,0.015617125332238913,"['ZMO1_ZMO0064', 'ZMO1_ZMO1540', 'ZMO1_ZMO1541', 'ZMO1_ZMO1631', 'ZMO1_ZMO1822', 'ZMO1_ZMO1850', 'ZMO1_ZMO1851', 'ZMO1_ZMO2056', 'ZMO1_ZMOp39x007']"
motility,structural,,,,,,,,,19,,,0.0,0.0,0.013538642806814938,"['ZMO1_ZMO0604', 'ZMO1_ZMO0605', 'ZMO1_ZMO0606', 'ZMO1_ZMO0607', 'ZMO1_ZMO0608', 'ZMO1_ZMO0609', 'ZMO1_ZMO0610', 'ZMO1_ZMO0611', 'ZMO1_ZMO0612', 'ZMO1_ZMO0613', 'ZMO1_ZMO0614', 'ZMO1_ZMO0627', 'ZMO1_ZMO0629', 'ZMO1_ZMO0631', 'ZMO1_ZMO0632', 'ZMO1_ZMO0634', 'ZMO1_ZMO0635', 'ZMO1_ZMO0636', 'ZMO1_ZMO0637']"
SG_2,single gene,,,,,,,,,1,,True,0.0,0.0,0.0057235022558934645,['ZMO1_ZMO2042']
SG_3,single gene,,,,,,,,,1,,True,0.0,0.0,0.002828907532294145,['ZMO1_ZMO0489']
phage_shock,stress response,,,,,,,,,4,,,0.0,0.0,0.011237448115753113,"['ZMO1_ZMO1062', 'ZMO1_ZMO1063', 'ZMO1_ZMO1064', 'ZMO1_ZMO1065']"
DNA_repair_maybe,poorly characterized,,,,,,,,,19,,,0.0,0.0,0.013848607907024357,"['ZMO1_ZMO1930', 'ZMO1_ZMO1931', 'ZMO1_ZMO1932', 'ZMO1_ZMO1936', 'ZMO1_ZMO1944', 'ZMO1_ZMO1945', 'ZMO1_ZMO1946', 'ZMO1_ZMO1950', 'ZMO1_ZMO1951', 'ZMO1_ZMO1952', 'ZMO1_ZMO1971', 'ZMO1_ZMO2032', 'ZMO1_ZMO2034', 'ZMO1_ZMO2035', 'ZMO1_ZMO2038', 'ZMO1_ZMO2039', 'ZMO1_ZMO2071', 'ZMO1_ZMO2076', 'ZMO1_ZMOp39x024']"
tetR_family_KO_2,experiment specific,,,,,,,,,4,,,0.0,0.0,0.003233192333994106,"['ZMO1_ZMO0281', 'ZMO1_ZMO0282', 'ZMO1_ZMO0283', 'ZMO1_ZMO0285']"
ethanol_fermentation,metabolism,,,,,,,,,20,,,0.0,0.05,0.032759038368166626,"['ZMO1_ZMO0122', 'ZMO1_ZMO0286', 'ZMO1_ZMO0309', 'ZMO1_ZMO0693', 'ZMO1_ZMO0740', 'ZMO1_ZMO0918', 'ZMO1_ZMO0994', 'ZMO1_ZMO1007', 'ZMO1_ZMO1060', 'ZMO1_ZMO1113', 'ZMO1_ZMO1133', 'ZMO1_ZMO1236', 'ZMO1_ZMO1237', 'ZMO1_ZMO1286', 'ZMO1_ZMO1289', 'ZMO1_ZMO1373', 'ZMO1_ZMO1410', 'ZMO1_ZMO1533', 'ZMO1_ZMO1754', 'ZMO1_ZMO1776']"
heat_response,stress response,,,,,,,,,48,,,0.041666667,0.0625,0.0823494546757586,"['ZMO1_ZMO0015', 'ZMO1_ZMO0016', 'ZMO1_ZMO0017', 'ZMO1_ZMO0134', 'ZMO1_ZMO0174', 'ZMO1_ZMO0203', 'ZMO1_ZMO0215', 'ZMO1_ZMO0246', 'ZMO1_ZMO0247', 'ZMO1_ZMO0256', 'ZMO1_ZMO0290', 'ZMO1_ZMO0362', 'ZMO1_ZMO0376', 'ZMO1_ZMO0478', 'ZMO1_ZMO0660', 'ZMO1_ZMO0885', 'ZMO1_ZMO0920', 'ZMO1_ZMO0948', 'ZMO1_ZMO0989', 'ZMO1_ZMO1011', 'ZMO1_ZMO1187', 'ZMO1_ZMO1271', 'ZMO1_ZMO1352', 'ZMO1_ZMO1401', 'ZMO1_ZMO1413', 'ZMO1_ZMO1414', 'ZMO1_ZMO1415', 'ZMO1_ZMO1424', 'ZMO1_ZMO1485', 'ZMO1_ZMO1545', 'ZMO1_ZMO1549', 'ZMO1_ZMO1614', 'ZMO1_ZMO1636', 'ZMO1_ZMO1659', 'ZMO1_ZMO1690', 'ZMO1_ZMO1696', 'ZMO1_ZMO1697', 'ZMO1_ZMO1698', 'ZMO1_ZMO1704', 'ZMO1_ZMO1705', 'ZMO1_ZMO1721', 'ZMO1_ZMO1928', 'ZMO1_ZMO1929', 'ZMO1_ZMO1992', 'ZMO1_ZMO2018', 'ZMO1_ZMO2041', 'ZMO1_ZMOp36x018', 'ZMO1_ZMOp36x048']"
zur_KO,experiment specific,,,,,,,,,4,,,0.0,0.0,0.005059201338637576,"['ZMO1_ZMO1940', 'ZMO1_ZMO1941', 'ZMO1_ZMO1943', 'ZMO1_ZMO2037']"
SG_4,single gene,,,,,,,,,1,,True,1.0,1.0,0.0024095975730101804,['ZMO1_ZMO1547']
unknown_1,uncharacterized,,,,,,,,,2,,,0.0,0.0,0.010567345517880855,"['ZMO1_ZMO0055', 'ZMO1_ZMO1849']"
noise_1,noise,,,,,,,,,15,,,0.133333333,0.2,0.0123602747147038,"['ZMO1_ZMO0095', 'ZMO1_ZMO0366', 'ZMO1_ZMO0442', 'ZMO1_ZMO0847', 'ZMO1_ZMO0889', 'ZMO1_ZMO1033', 'ZMO1_ZMO1283', 'ZMO1_ZMO1344', 'ZMO1_ZMO1684', 'ZMO1_ZMO1685', 'ZMO1_ZMO1694', 'ZMO1_ZMO1719', 'ZMO1_ZMO1779', 'ZMO1_ZMO1780', 'ZMO1_ZMO1859']"
motility_plasmid,structural,,,,,,,,,22,,,0.045454545,0.045454545,0.019382204572724215,"['ZMO1_ZMOp36x001', 'ZMO1_ZMOp36x002', 'ZMO1_ZMOp36x003', 'ZMO1_ZMOp36x004', 'ZMO1_ZMOp36x005', 'ZMO1_ZMOp36x006', 'ZMO1_ZMOp36x007', 'ZMO1_ZMOp36x008', 'ZMO1_ZMOp36x009', 'ZMO1_ZMOp36x010', 'ZMO1_ZMOp36x011', 'ZMO1_ZMOp36x012', 'ZMO1_ZMOp36x013', 'ZMO1_ZMOp36x014', 'ZMO1_ZMOp36x015', 'ZMO1_ZMOp36x041', 'ZMO1_ZMOp36x042', 'ZMO1_ZMOp36x043', 'ZMO1_ZMOp36x044', 'ZMO1_ZMOp36x045', 'ZMO1_ZMOp36x046', 'ZMO1_ZMOp36x047']"
unknown_2,uncharacterized,,,,,,,,,5,,,0.2,0.2,0.0012107900085525092,"['ZMO1_ZMO1047', 'ZMO1_ZMO1160', 'ZMO1_ZMO1162', 'ZMO1_ZMO1650', 'ZMO1_ZMO2077']"
unknown_3,uncharacterized,,,,,,,,,11,,True,0.0,0.0,0.0011782016017783947,"['ZMO1_ZMO0066', 'ZMO1_ZMO0134', 'ZMO1_ZMO1464', 'ZMO1_ZMO1829', 'ZMO1_ZMO1833', 'ZMO1_ZMO1973', 'ZMO1_ZMO2053', 'ZMO1_ZMO2062', 'ZMO1_ZMO2076', 'ZMO1_ZMOp36x001', 'ZMO1_ZMOp36x007']"
toxin_secretion,stress response,,,,,,,,,5,,,0.0,0.0,0.008526597645147849,"['ZMO1_ZMO0252', 'ZMO1_ZMO0253', 'ZMO1_ZMO0254', 'ZMO1_ZMO0255', 'ZMO1_ZMOp39x027']"
SG_5,single gene,ZMO0203+ZMO1235,0.0,0.0,1.0,1.0,1.0,1.0,1.0,1,2.0,True,0.0,0.0,0.00418286132300294,['ZMO1_ZMO0796']
regulatory_plasmid,regulatory,,,,,,,,,14,,,0.285714286,0.285714286,0.006237979683199835,"['ZMO1_ZMO1853', 'ZMO1_ZMOp32x014', 'ZMO1_ZMOp32x015', 'ZMO1_ZMOp33x029', 'ZMO1_ZMOp33x030', 'ZMO1_ZMOp36x004', 'ZMO1_ZMOp36x033', 'ZMO1_ZMOp36x034', 'ZMO1_ZMOp36x035', 'ZMO1_ZMOp36x036', 'ZMO1_ZMOp39x032', 'ZMO1_ZMOp39x033', 'ZMO1_ZMOp39x036', 'ZMO1_ZMOp39x037']"
low_pH_response,stress response,,,,,,,,,9,,,0.0,0.0,0.006627443962985313,"['ZMO1_ZMO0331', 'ZMO1_ZMO0448', 'ZMO1_ZMO0767', 'ZMO1_ZMO0905', 'ZMO1_ZMO1186', 'ZMO1_ZMO1344', 'ZMO1_ZMO1403', 'ZMO1_ZMO1685', 'ZMO1_ZMO1752']"
membrane_cobalmin,transport,,,,,,,,,40,,True,0.075,0.075,0.00771399326676514,"['ZMO1_ZMO0001', 'ZMO1_ZMO0026', 'ZMO1_ZMO0069', 'ZMO1_ZMO0087', 'ZMO1_ZMO0127', 'ZMO1_ZMO0128', 'ZMO1_ZMO0130', 'ZMO1_ZMO0131', 'ZMO1_ZMO0133', 'ZMO1_ZMO0145', 'ZMO1_ZMO0172', 'ZMO1_ZMO0188', 'ZMO1_ZMO0265', 'ZMO1_ZMO0319', 'ZMO1_ZMO0560', 'ZMO1_ZMO0657', 'ZMO1_ZMO0694', 'ZMO1_ZMO0794', 'ZMO1_ZMO0902', 'ZMO1_ZMO0912', 'ZMO1_ZMO0937', 'ZMO1_ZMO0968', 'ZMO1_ZMO0979', 'ZMO1_ZMO0992', 'ZMO1_ZMO1001', 'ZMO1_ZMO1040', 'ZMO1_ZMO1291', 'ZMO1_ZMO1440', 'ZMO1_ZMO1497', 'ZMO1_ZMO1521', 'ZMO1_ZMO1522', 'ZMO1_ZMO1593', 'ZMO1_ZMO1620', 'ZMO1_ZMO1681', 'ZMO1_ZMO1682', 'ZMO1_ZMO1715', 'ZMO1_ZMO1716', 'ZMO1_ZMO1717', 'ZMO1_ZMO1947', 'ZMO1_ZMOp32x019']"
SG_6,single gene,,,,,,,,,1,,True,0.0,0.0,0.0045414158626523315,['ZMO1_ZMO2060']
transport_1,transport,,,,,,,,,21,,,0.19047619,0.19047619,0.011073558004627171,"['ZMO1_ZMO0095', 'ZMO1_ZMO0346', 'ZMO1_ZMO0361', 'ZMO1_ZMO0454', 'ZMO1_ZMO0492', 'ZMO1_ZMO0493', 'ZMO1_ZMO0543', 'ZMO1_ZMO0560', 'ZMO1_ZMO1116', 'ZMO1_ZMO1117', 'ZMO1_ZMO1138', 'ZMO1_ZMO1139', 'ZMO1_ZMO1140', 'ZMO1_ZMO1298', 'ZMO1_ZMO1378', 'ZMO1_ZMO1380', 'ZMO1_ZMO1815', 'ZMO1_ZMO1816', 'ZMO1_ZMO1838', 'ZMO1_ZMO1847', 'ZMO1_ZMO1848']"
NaAc_response,stress response,,,,,,,,,2,,,0.0,0.0,0.006881938163643464,"['ZMO1_ZMO1457', 'ZMO1_ZMO1458']"
glycolysis_and_ATP_synthase,metabolism,,,,,,,,,28,,,0.25,0.25,0.02095014788854699,"['ZMO1_ZMO0152', 'ZMO1_ZMO0176', 'ZMO1_ZMO0177', 'ZMO1_ZMO0178', 'ZMO1_ZMO0238', 'ZMO1_ZMO0239', 'ZMO1_ZMO0240', 'ZMO1_ZMO0241', 'ZMO1_ZMO0242', 'ZMO1_ZMO0368', 'ZMO1_ZMO0369', 'ZMO1_ZMO0667', 'ZMO1_ZMO0668', 'ZMO1_ZMO0689', 'ZMO1_ZMO0773', 'ZMO1_ZMO0997', 'ZMO1_ZMO1236', 'ZMO1_ZMO1240', 'ZMO1_ZMO1360', 'ZMO1_ZMO1425', 'ZMO1_ZMO1478', 'ZMO1_ZMO1608', 'ZMO1_ZMO1682', 'ZMO1_ZMO1708', 'ZMO1_ZMO1779', 'ZMO1_ZMO1862', 'ZMO1_ZMO2066', 'ZMO1_ZMO2067']"
SG_7,single gene,,,,,,,,,1,,True,0.0,0.0,0.0013584831625493843,['ZMO1_ZMO1937']
fructose_transport_maybe,poorly characterized,,,,,,,,,24,,,0.0,0.0,0.023696993233434882,"['ZMO1_ZMO0374', 'ZMO1_ZMO0375', 'ZMO1_ZMO0379', 'ZMO1_ZMO0380', 'ZMO1_ZMO0381', 'ZMO1_ZMO0383', 'ZMO1_ZMO0384', 'ZMO1_ZMO0385', 'ZMO1_ZMO0387', 'ZMO1_ZMO0388', 'ZMO1_ZMO0389', 'ZMO1_ZMO0390', 'ZMO1_ZMO0391', 'ZMO1_ZMO0392', 'ZMO1_ZMO0393', 'ZMO1_ZMO0395', 'ZMO1_ZMO0397', 'ZMO1_ZMO0398', 'ZMO1_ZMO0399', 'ZMO1_ZMO0929', 'ZMO1_ZMO0930', 'ZMO1_ZMO0931', 'ZMO1_ZMO0932', 'ZMO1_ZMO0934']"
SG_8,single gene,,,,,,,,,1,,True,0.0,0.0,0.0018338637688519732,['ZMO1_ZMO1802']
SG_9,single gene,ZMO0050+ZMO0244,0.0,0.0,1.0,1.0,1.0,1.0,1.0,1,2.0,True,0.0,0.0,0.0009500805116300359,['ZMO1_ZMO2071']
SG_10,single gene,,,,,,,,,1,,,0.0,0.0,0.015726422265732065,['ZMO1_ZMO2046']
SG_11,single gene,,,,,,,,,1,,True,1.0,1.0,0.002367989303541762,['ZMO1_ZMO1411']
SG_12,single gene,ZMO0199+ZMO0471,0.0,0.0,1.0,1.0,1.0,1.0,1.0,1,2.0,True,0.0,0.0,0.00223934731339559,['ZMO1_ZMO2074']
SG_13,single gene,,,,,,,,,1,,True,0.0,0.0,0.004916125320644005,['ZMO1_ZMO2030']
iron_ABC_transport,transport,,,,,,,,,8,,,0.125,0.375,0.006811208838540583,"['ZMO1_ZMO0422', 'ZMO1_ZMO0423', 'ZMO1_ZMO0425', 'ZMO1_ZMO0426', 'ZMO1_ZMO0427', 'ZMO1_ZMO0428', 'ZMO1_ZMO0429', 'ZMO1_ZMO0430']"
oxidation_response,stress response,,,,,,,,,19,,,0.052631579,0.315789474,0.014669901946003594,"['ZMO1_ZMO0085', 'ZMO1_ZMO0256', 'ZMO1_ZMO0422', 'ZMO1_ZMO0443', 'ZMO1_ZMO0678', 'ZMO1_ZMO0753', 'ZMO1_ZMO0754', 'ZMO1_ZMO0903', 'ZMO1_ZMO1060', 'ZMO1_ZMO1097', 'ZMO1_ZMO1113', 'ZMO1_ZMO1211', 'ZMO1_ZMO1495', 'ZMO1_ZMO1561', 'ZMO1_ZMO1603', 'ZMO1_ZMO1732', 'ZMO1_ZMO1753', 'ZMO1_ZMO1874', 'ZMO1_ZMO1875']"
SG_14,single gene,,,,,,,,,1,,True,0.0,0.0,0.0010676920674315138,['ZMO1_ZMO0384']
ribonucleoside_reductase,stress response,,,,,,,,,5,,,0.2,0.4,0.007006611716779743,"['ZMO1_ZMO0443', 'ZMO1_ZMO1025', 'ZMO1_ZMO1026', 'ZMO1_ZMO1027', 'ZMO1_ZMO1039']"
cell_cycle,regulatory,,,,,,,,,40,,,0.1,0.175,0.006868278291903063,"['ZMO1_ZMO0050', 'ZMO1_ZMO0068', 'ZMO1_ZMO0112', 'ZMO1_ZMO0204', 'ZMO1_ZMO0257', 'ZMO1_ZMO0258', 'ZMO1_ZMO0422', 'ZMO1_ZMO0435', 'ZMO1_ZMO0469', 'ZMO1_ZMO0590', 'ZMO1_ZMO0805', 'ZMO1_ZMO0819', 'ZMO1_ZMO0998', 'ZMO1_ZMO1034', 'ZMO1_ZMO1045', 'ZMO1_ZMO1062', 'ZMO1_ZMO1213', 'ZMO1_ZMO1334', 'ZMO1_ZMO1344', 'ZMO1_ZMO1447', 'ZMO1_ZMO1482', 'ZMO1_ZMO1528', 'ZMO1_ZMO1529', 'ZMO1_ZMO1530', 'ZMO1_ZMO1561', 'ZMO1_ZMO1602', 'ZMO1_ZMO1656', 'ZMO1_ZMO1672', 'ZMO1_ZMO1701', 'ZMO1_ZMO1728', 'ZMO1_ZMO1807', 'ZMO1_ZMO1920', 'ZMO1_ZMO1921', 'ZMO1_ZMO1969', 'ZMO1_ZMO1983', 'ZMO1_ZMO2001', 'ZMO1_ZMO2009', 'ZMO1_ZMO2011', 'ZMO1_ZMO2060', 'ZMO1_ZMOp39x030']"
translation_1,translation,,,,,,,,,47,,,0.106382979,0.14893617,0.06987446435599742,"['ZMO1_ZMO0087', 'ZMO1_ZMO0130', 'ZMO1_ZMO0184', 'ZMO1_ZMO0220', 'ZMO1_ZMO0244', 'ZMO1_ZMO0249', 'ZMO1_ZMO0294', 'ZMO1_ZMO0534', 'ZMO1_ZMO0536', 'ZMO1_ZMO0539', 'ZMO1_ZMO0540', 'ZMO1_ZMO0541', 'ZMO1_ZMO0542', 'ZMO1_ZMO0550', 'ZMO1_ZMO0551', 'ZMO1_ZMO0687', 'ZMO1_ZMO0689', 'ZMO1_ZMO0725', 'ZMO1_ZMO0726', 'ZMO1_ZMO0727', 'ZMO1_ZMO0728', 'ZMO1_ZMO0883', 'ZMO1_ZMO0884', 'ZMO1_ZMO0903', 'ZMO1_ZMO0946', 'ZMO1_ZMO1076', 'ZMO1_ZMO1077', 'ZMO1_ZMO1078', 'ZMO1_ZMO1079', 'ZMO1_ZMO1145', 'ZMO1_ZMO1225', 'ZMO1_ZMO1226', 'ZMO1_ZMO1227', 'ZMO1_ZMO1246', 'ZMO1_ZMO1321', 'ZMO1_ZMO1358', 'ZMO1_ZMO1366', 'ZMO1_ZMO1507', 'ZMO1_ZMO1515', 'ZMO1_ZMO1516', 'ZMO1_ZMO1519', 'ZMO1_ZMO1713', 'ZMO1_ZMO1794', 'ZMO1_ZMO1900', 'ZMO1_ZMO1910', 'ZMO1_ZMO2031', 'ZMO1_ZMOp39x017']"
translation_2,translation,,,,,,,,,20,,,0.05,0.0,0.01879539709091449,"['ZMO1_ZMO0517', 'ZMO1_ZMO0518', 'ZMO1_ZMO0519', 'ZMO1_ZMO0520', 'ZMO1_ZMO0521', 'ZMO1_ZMO0522', 'ZMO1_ZMO0523', 'ZMO1_ZMO0524', 'ZMO1_ZMO0525', 'ZMO1_ZMO0526', 'ZMO1_ZMO0527', 'ZMO1_ZMO0528', 'ZMO1_ZMO0529', 'ZMO1_ZMO0530', 'ZMO1_ZMO0531', 'ZMO1_ZMO0532', 'ZMO1_ZMO0533', 'ZMO1_ZMO0534', 'ZMO1_ZMO0895', 'ZMO1_ZMO2004']"
SG_15,single gene,,,,,,,,,1,,True,0.0,0.0,0.005140640479338043,['ZMO1_ZMO2019']
sulfur_metabolism,metabolism,,,,,,,,,7,,,0.285714286,0.285714286,0.0020452504074015554,"['ZMO1_ZMO0003', 'ZMO1_ZMO0004', 'ZMO1_ZMO0005', 'ZMO1_ZMO0007', 'ZMO1_ZMO0008', 'ZMO1_ZMO1264', 'ZMO1_ZMO1265']"
transport_2,transport,,,,,,,,,4,,,0.25,0.25,0.006925377050895021,"['ZMO1_ZMO0001', 'ZMO1_ZMO0116', 'ZMO1_ZMO0117', 'ZMO1_ZMO1437']"
unknown_4,uncharacterized,ZMO1412,4.58e-09,6.87e-08,0.8,0.049180328,0.092664093,12.0,244.0,15,1.0,,0.066666667,0.066666667,0.00212269957518485,"['ZMO1_ZMO0895', 'ZMO1_ZMO1301', 'ZMO1_ZMO1468', 'ZMO1_ZMO1536', 'ZMO1_ZMO1589', 'ZMO1_ZMO1620', 'ZMO1_ZMO1966', 'ZMO1_ZMO2014', 'ZMO1_ZMO2016', 'ZMO1_ZMOp32x024', 'ZMO1_ZMOp33x034', 'ZMO1_ZMOp33x035', 'ZMO1_ZMOp36x027', 'ZMO1_ZMOp36x028', 'ZMO1_ZMOp36x038']"
alternative_carbon_maybe,poorly characterized,,,,,,,,,7,,,0.0,0.0,0.006515740410070969,"['ZMO1_ZMO0319', 'ZMO1_ZMO1576', 'ZMO1_ZMO1577', 'ZMO1_ZMO1936', 'ZMO1_ZMO1983', 'ZMO1_ZMO1984', 'ZMO1_ZMO2075']"
SG_16,single gene,ZMO0100+ZMO0478,0.0,0.0,1.0,1.0,1.0,1.0,1.0,1,2.0,True,0.0,0.0,0.0006836621193858639,['ZMO1_ZMO1483']
tetR_family_KO_1,experiment specific,,,,,,,,,10,,,0.1,0.0,0.004366813311232454,"['ZMO1_ZMO0798', 'ZMO1_ZMO0799', 'ZMO1_ZMO0800', 'ZMO1_ZMO0801', 'ZMO1_ZMO0963', 'ZMO1_ZMO0964', 'ZMO1_ZMO0965', 'ZMO1_ZMO0966', 'ZMO1_ZMO1612', 'ZMO1_ZMO1856']"
SG_17,single gene,,,,,,,,,1,,True,0.0,0.0,0.002555103263654601,['ZMO1_ZMO0091']
SG_18,single gene,,,,,,,,,1,,True,1.0,1.0,0.0007533861658112206,['ZMO1_ZMO1383']
noise_3,noise,,,,,,,,,45,,,0.066666667,0.111111111,0.002030139656006069,"['ZMO1_ZMO0011', 'ZMO1_ZMO0036', 'ZMO1_ZMO0053', 'ZMO1_ZMO0216', 'ZMO1_ZMO0331', 'ZMO1_ZMO0371', 'ZMO1_ZMO0373', 'ZMO1_ZMO0388', 'ZMO1_ZMO0602', 'ZMO1_ZMO0694', 'ZMO1_ZMO0888', 'ZMO1_ZMO0889', 'ZMO1_ZMO0903', 'ZMO1_ZMO0989', 'ZMO1_ZMO1055', 'ZMO1_ZMO1080', 'ZMO1_ZMO1081', 'ZMO1_ZMO1085', 'ZMO1_ZMO1105', 'ZMO1_ZMO1116', 'ZMO1_ZMO1236', 'ZMO1_ZMO1373', 'ZMO1_ZMO1382', 'ZMO1_ZMO1456', 'ZMO1_ZMO1482', 'ZMO1_ZMO1487', 'ZMO1_ZMO1527', 'ZMO1_ZMO1581', 'ZMO1_ZMO1596', 'ZMO1_ZMO1628', 'ZMO1_ZMO1629', 'ZMO1_ZMO1782', 'ZMO1_ZMO1850', 'ZMO1_ZMO1851', 'ZMO1_ZMO1853', 'ZMO1_ZMO1928', 'ZMO1_ZMO1929', 'ZMO1_ZMO1961', 'ZMO1_ZMO1962', 'ZMO1_ZMO2052', 'ZMO1_ZMO2054', 'ZMO1_ZMOp32x015', 'ZMO1_ZMOp36x010', 'ZMO1_ZMOp36x022', 'ZMO1_ZMOp39x002']"
sulfate_transport_maybe,poorly characterized,,,,,,,,,19,,,0.052631579,0.052631579,0.004314773068915145,"['ZMO1_ZMO0001', 'ZMO1_ZMO0005', 'ZMO1_ZMO0006', 'ZMO1_ZMO0055', 'ZMO1_ZMO0562', 'ZMO1_ZMO1261', 'ZMO1_ZMO1262', 'ZMO1_ZMO1263', 'ZMO1_ZMO1264', 'ZMO1_ZMO1265', 'ZMO1_ZMO1456', 'ZMO1_ZMO1461', 'ZMO1_ZMO1462', 'ZMO1_ZMO1483', 'ZMO1_ZMO1802', 'ZMO1_ZMO2016', 'ZMO1_ZMO2037', 'ZMO1_ZMO2070', 'ZMO1_ZMOp39x028']"
unknown_5,uncharacterized,,,,,,,,,9,,,0.0,0.0,0.014025199801227517,"['ZMO1_ZMO0263', 'ZMO1_ZMO0264', 'ZMO1_ZMO0265', 'ZMO1_ZMO0266', 'ZMO1_ZMO0267', 'ZMO1_ZMO0268', 'ZMO1_ZMO0269', 'ZMO1_ZMO1324', 'ZMO1_ZMO1466']"
noise_4,noise,,,,,,,,,35,,,0.171428571,0.142857143,0.008423555283103235,"['ZMO1_ZMO0090', 'ZMO1_ZMO0095', 'ZMO1_ZMO0142', 'ZMO1_ZMO0150', 'ZMO1_ZMO0432', 'ZMO1_ZMO0566', 'ZMO1_ZMO0688', 'ZMO1_ZMO0689', 'ZMO1_ZMO0698', 'ZMO1_ZMO0797', 'ZMO1_ZMO0798', 'ZMO1_ZMO0799', 'ZMO1_ZMO0800', 'ZMO1_ZMO0801', 'ZMO1_ZMO0876', 'ZMO1_ZMO0889', 'ZMO1_ZMO0895', 'ZMO1_ZMO0902', 'ZMO1_ZMO1026', 'ZMO1_ZMO1181', 'ZMO1_ZMO1236', 'ZMO1_ZMO1268', 'ZMO1_ZMO1301', 'ZMO1_ZMO1429', 'ZMO1_ZMO1430', 'ZMO1_ZMO1431', 'ZMO1_ZMO1432', 'ZMO1_ZMO1437', 'ZMO1_ZMO1671', 'ZMO1_ZMO1681', 'ZMO1_ZMO1682', 'ZMO1_ZMO1853', 'ZMO1_ZMO1855', 'ZMO1_ZMO1955', 'ZMO1_ZMOp33x034']"
ETC_and_MEP,metabolism,,,,,,,,,20,,,0.4,0.15,0.008161213637311815,"['ZMO1_ZMO0009', 'ZMO1_ZMO0718', 'ZMO1_ZMO0719', 'ZMO1_ZMO0874', 'ZMO1_ZMO0979', 'ZMO1_ZMO1067', 'ZMO1_ZMO1068', 'ZMO1_ZMO1234', 'ZMO1_ZMO1273', 'ZMO1_ZMO1440', 'ZMO1_ZMO1456', 'ZMO1_ZMO1808', 'ZMO1_ZMO1809', 'ZMO1_ZMO1810', 'ZMO1_ZMO1811', 'ZMO1_ZMO1812', 'ZMO1_ZMO1813', 'ZMO1_ZMO1814', 'ZMO1_ZMO1822', 'ZMO1_ZMO2056']"
unknown_6,uncharacterized,,,,,,,,,5,,,0.6,0.6,0.008413297950175425,"['ZMO1_ZMO0281', 'ZMO1_ZMOp32x012', 'ZMO1_ZMOp32x013', 'ZMO1_ZMOp32x014', 'ZMO1_ZMOp32x015']"
unknown_7,uncharacterized,,,,,,,,,34,,True,0.0,0.029411765,0.0006641109349648788,"['ZMO1_ZMO0054', 'ZMO1_ZMO0066', 'ZMO1_ZMO0134', 'ZMO1_ZMO0303', 'ZMO1_ZMO0387', 'ZMO1_ZMO0705', 'ZMO1_ZMO0733', 'ZMO1_ZMO0931', 'ZMO1_ZMO0968', 'ZMO1_ZMO1249', 'ZMO1_ZMO1425', 'ZMO1_ZMO1437', 'ZMO1_ZMO1628', 'ZMO1_ZMO1826', 'ZMO1_ZMO1828', 'ZMO1_ZMO1831', 'ZMO1_ZMO1838', 'ZMO1_ZMO1948', 'ZMO1_ZMO2016', 'ZMO1_ZMO2027', 'ZMO1_ZMO2048', 'ZMO1_ZMO2065', 'ZMO1_ZMO2076', 'ZMO1_ZMOp36x001', 'ZMO1_ZMOp36x003', 'ZMO1_ZMOp36x004', 'ZMO1_ZMOp36x010', 'ZMO1_ZMOp36x014', 'ZMO1_ZMOp36x016', 'ZMO1_ZMOp36x017', 'ZMO1_ZMOp36x046', 'ZMO1_ZMOp36x047', 'ZMO1_ZMOp36x051', 'ZMO1_ZMOp39x013']"
plasmid_unknown_1,uncharacterized,,,,,,,,,57,,,0.070175439,0.035087719,0.011822231061339727,"['ZMO1_ZMO0031', 'ZMO1_ZMO0101', 'ZMO1_ZMO0102', 'ZMO1_ZMO0122', 'ZMO1_ZMO0188', 'ZMO1_ZMO0203', 'ZMO1_ZMO0318', 'ZMO1_ZMO0372', 'ZMO1_ZMO0687', 'ZMO1_ZMO0795', 'ZMO1_ZMO0895', 'ZMO1_ZMO1080', 'ZMO1_ZMO1276', 'ZMO1_ZMO1576', 'ZMO1_ZMO1603', 'ZMO1_ZMO1681', 'ZMO1_ZMO1682', 'ZMO1_ZMO1696', 'ZMO1_ZMO1721', 'ZMO1_ZMO1780', 'ZMO1_ZMO1794', 'ZMO1_ZMO1834', 'ZMO1_ZMO1932', 'ZMO1_ZMO1936', 'ZMO1_ZMO1945', 'ZMO1_ZMO1946', 'ZMO1_ZMO1949', 'ZMO1_ZMO2016', 'ZMO1_ZMO2053', 'ZMO1_ZMO2065', 'ZMO1_ZMO2076', 'ZMO1_ZMOp32x009', 'ZMO1_ZMOp32x014', 'ZMO1_ZMOp33x001', 'ZMO1_ZMOp33x002', 'ZMO1_ZMOp33x005', 'ZMO1_ZMOp33x008', 'ZMO1_ZMOp33x009', 'ZMO1_ZMOp33x010', 'ZMO1_ZMOp33x011', 'ZMO1_ZMOp33x012', 'ZMO1_ZMOp33x013', 'ZMO1_ZMOp33x014', 'ZMO1_ZMOp33x015', 'ZMO1_ZMOp33x016', 'ZMO1_ZMOp33x017', 'ZMO1_ZMOp33x018', 'ZMO1_ZMOp33x019', 'ZMO1_ZMOp33x020', 'ZMO1_ZMOp33x021', 'ZMO1_ZMOp33x022', 'ZMO1_ZMOp33x023', 'ZMO1_ZMOp33x028', 'ZMO1_ZMOp33x032', 'ZMO1_ZMOp36x018', 'ZMO1_ZMOp36x034', 'ZMO1_ZMOp36x048']"
SG_19,single gene,,,,,,,,,1,,True,0.0,0.0,0.0028730434020363127,['ZMO1_ZMO2048']
SG_20,single gene,,,,,,,,,1,,True,0.0,0.0,0.001292804090860633,['ZMO1_ZMO2047']
unknown_8,uncharacterized,,,,,,,,,26,,,0.076923077,0.115384615,0.006470498903627608,"['ZMO1_ZMO0137', 'ZMO1_ZMO0733', 'ZMO1_ZMO0750', 'ZMO1_ZMO1011', 'ZMO1_ZMO1054', 'ZMO1_ZMO1215', 'ZMO1_ZMO1377', 'ZMO1_ZMO1424', 'ZMO1_ZMO1449', 'ZMO1_ZMO1506', 'ZMO1_ZMO1545', 'ZMO1_ZMO1577', 'ZMO1_ZMO1578', 'ZMO1_ZMO1579', 'ZMO1_ZMO1679', 'ZMO1_ZMO1761', 'ZMO1_ZMO1855', 'ZMO1_ZMO1857', 'ZMO1_ZMO1862', 'ZMO1_ZMO1863', 'ZMO1_ZMO1864', 'ZMO1_ZMO1903', 'ZMO1_ZMO2016', 'ZMO1_ZMOp32x007', 'ZMO1_ZMOp36x011', 'ZMO1_ZMOp39x003']"
noise_5,noise,,,,,,,,,156,,True,0.141025641,0.134615385,0.027218205587217215,"['ZMO1_ZMO0039', 'ZMO1_ZMO0055', 'ZMO1_ZMO0078', 'ZMO1_ZMO0080', 'ZMO1_ZMO0081', 'ZMO1_ZMO0082', 'ZMO1_ZMO0087', 'ZMO1_ZMO0094', 'ZMO1_ZMO0103', 'ZMO1_ZMO0105', 'ZMO1_ZMO0106', 'ZMO1_ZMO0149', 'ZMO1_ZMO0153', 'ZMO1_ZMO0154', 'ZMO1_ZMO0156', 'ZMO1_ZMO0176', 'ZMO1_ZMO0177', 'ZMO1_ZMO0186', 'ZMO1_ZMO0188', 'ZMO1_ZMO0197', 'ZMO1_ZMO0202', 'ZMO1_ZMO0208', 'ZMO1_ZMO0244', 'ZMO1_ZMO0270', 'ZMO1_ZMO0273', 'ZMO1_ZMO0279', 'ZMO1_ZMO0294', 'ZMO1_ZMO0346', 'ZMO1_ZMO0350', 'ZMO1_ZMO0357', 'ZMO1_ZMO0399', 'ZMO1_ZMO0401', 'ZMO1_ZMO0412', 'ZMO1_ZMO0431', 'ZMO1_ZMO0490', 'ZMO1_ZMO0494', 'ZMO1_ZMO0495', 'ZMO1_ZMO0544', 'ZMO1_ZMO0547', 'ZMO1_ZMO0549', 'ZMO1_ZMO0552', 'ZMO1_ZMO0627', 'ZMO1_ZMO0628', 'ZMO1_ZMO0636', 'ZMO1_ZMO0668', 'ZMO1_ZMO0669', 'ZMO1_ZMO0671', 'ZMO1_ZMO0687', 'ZMO1_ZMO0706', 'ZMO1_ZMO0721', 'ZMO1_ZMO0728', 'ZMO1_ZMO0731', 'ZMO1_ZMO0732', 'ZMO1_ZMO0748', 'ZMO1_ZMO0750', 'ZMO1_ZMO0763', 'ZMO1_ZMO0798', 'ZMO1_ZMO0818', 'ZMO1_ZMO0860', 'ZMO1_ZMO0863', 'ZMO1_ZMO0864', 'ZMO1_ZMO0903', 'ZMO1_ZMO0915', 'ZMO1_ZMO0916', 'ZMO1_ZMO0925', 'ZMO1_ZMO0931', 'ZMO1_ZMO0985', 'ZMO1_ZMO0989', 'ZMO1_ZMO0992', 'ZMO1_ZMO0994', 'ZMO1_ZMO0997', 'ZMO1_ZMO1027', 'ZMO1_ZMO1052', 'ZMO1_ZMO1059', 'ZMO1_ZMO1069', 'ZMO1_ZMO1075', 'ZMO1_ZMO1077', 'ZMO1_ZMO1107', 'ZMO1_ZMO1114', 'ZMO1_ZMO1137', 'ZMO1_ZMO1140', 'ZMO1_ZMO1146', 'ZMO1_ZMO1147', 'ZMO1_ZMO1165', 'ZMO1_ZMO1184', 'ZMO1_ZMO1211', 'ZMO1_ZMO1235', 'ZMO1_ZMO1251', 'ZMO1_ZMO1252', 'ZMO1_ZMO1261', 'ZMO1_ZMO1276', 'ZMO1_ZMO1296', 'ZMO1_ZMO1299', 'ZMO1_ZMO1300', 'ZMO1_ZMO1324', 'ZMO1_ZMO1341', 'ZMO1_ZMO1344', 'ZMO1_ZMO1373', 'ZMO1_ZMO1382', 'ZMO1_ZMO1390', 'ZMO1_ZMO1395', 'ZMO1_ZMO1396', 'ZMO1_ZMO1399', 'ZMO1_ZMO1417', 'ZMO1_ZMO1439', 'ZMO1_ZMO1441', 'ZMO1_ZMO1452', 'ZMO1_ZMO1461', 'ZMO1_ZMO1468', 'ZMO1_ZMO1473', 'ZMO1_ZMO1490', 'ZMO1_ZMO1495', 'ZMO1_ZMO1498', 'ZMO1_ZMO1499', 'ZMO1_ZMO1504', 'ZMO1_ZMO1507', 'ZMO1_ZMO1511', 'ZMO1_ZMO1518', 'ZMO1_ZMO1521', 'ZMO1_ZMO1524', 'ZMO1_ZMO1578', 'ZMO1_ZMO1582', 'ZMO1_ZMO1588', 'ZMO1_ZMO1639', 'ZMO1_ZMO1640', 'ZMO1_ZMO1660', 'ZMO1_ZMO1694', 'ZMO1_ZMO1712', 'ZMO1_ZMO1740', 'ZMO1_ZMO1763', 'ZMO1_ZMO1773', 'ZMO1_ZMO1792', 'ZMO1_ZMO1794', 'ZMO1_ZMO1798', 'ZMO1_ZMO1825', 'ZMO1_ZMO1832', 'ZMO1_ZMO1840', 'ZMO1_ZMO1841', 'ZMO1_ZMO1845', 'ZMO1_ZMO1874', 'ZMO1_ZMO1875', 'ZMO1_ZMO1895', 'ZMO1_ZMO1906', 'ZMO1_ZMO1910', 'ZMO1_ZMO1911', 'ZMO1_ZMO1931', 'ZMO1_ZMO1959', 'ZMO1_ZMO1970', 'ZMO1_ZMO1973', 'ZMO1_ZMO2006', 'ZMO1_ZMO2029', 'ZMO1_ZMO2049', 'ZMO1_ZMOp33x029', 'ZMO1_ZMOp33x035', 'ZMO1_ZMOp36x053', 'ZMO1_ZMOp39x034']"
