Experiment	Run	ReleaseDate	LoadDate	spots	bases	spots_with_mates	avgLength	size_MB	AssemblyName	download_path	LibraryName	LibraryStrategy	LibrarySelection	LibrarySource	LibraryLayout	InsertSize	InsertDev	Platform	Model	SRAStudy	BioProject	Study_Pubmed_id	ProjectID	Sample	BioSample	SampleType	TaxID	ScientificName	SampleName	g1k_pop_code	source	g1k_analysis_group	Subject_ID	Sex	Disease	Tumor	Affection_Status	Analyte_Type	Histological_Type	Body_Site	CenterName	Submission	dbgap_study_accession	Consent	RunHash	ReadHash	R1	R2
ERX2528464	ERR2509013;ERR2509014;ERR2509015;ERR2509016	2019-03-26 08:24:40	2021-10-23 14:05:52	2405811	363091283	2405811	150	134		https://sra-downloadb.be-md.ncbi.nlm.nih.gov/sos2/sra-pub-zq-20/ERR002/2509/ERR2509016/ERR2509016.lite.2	AnGlim - Repl 1_p	RNA-Seq	unspecified	TRANSCRIPTOMIC	PAIRED	75	0	ILLUMINA	NextSeq 500	ERP107924	PRJEB25957		529111	ERS2393566	SAMEA1100288	simple	4932	Saccharomyces cerevisiae	SAMEA1100288							no					Anna Koza, DTU	ERA1286993		public	A79C749E21FEA713A095200E545E755E	01B77999D07A361DB3B1A5B3E538E020		
ERX2528465	ERR2509017;ERR2509018;ERR2509019;ERR2509020	2019-03-26 08:24:40	2022-07-17 09:57:51	2223522	335688649	2223522	150	120		https://sra-downloadb.be-md.ncbi.nlm.nih.gov/sos3/sra-pub-zq-24/ERR002/2509/ERR2509020/ERR2509020.lite.2	AnGlim - Repl 2_p	RNA-Seq	unspecified	TRANSCRIPTOMIC	PAIRED	75	0	ILLUMINA	NextSeq 500	ERP107924	PRJEB25957		529111	ERS2393567	SAMEA1100289	simple	4932	Saccharomyces cerevisiae	SAMEA1100289							no					Anna Koza, DTU	ERA1286993		public	397CBA61DED2385351B4F23C83B55E44	F0CB5764F7429481B4D411C61DE4D2E5		
ERX2528466	ERR2509021;ERR2509022;ERR2509023;ERR2509024	2019-03-26 08:24:40	2022-07-26 06:54:52	3526963	532232312	3526963	150	192		https://sra-downloadb.be-md.ncbi.nlm.nih.gov/sos4/sra-pub-zq-1/ERR002/2509/ERR2509024/ERR2509024.lite.2	AnGlim - Repl 3_p	RNA-Seq	unspecified	TRANSCRIPTOMIC	PAIRED	75	0	ILLUMINA	NextSeq 500	ERP107924	PRJEB25957		529111	ERS2393568	SAMEA1100290	simple	4932	Saccharomyces cerevisiae	SAMEA1100290							no					Anna Koza, DTU	ERA1286993		public	578B77DF665FD4BEA6EEC7D50AAABBB5	EE4C4FF71F34B8307B9AB2A12EE6EC43		
ERX2528467	ERR2509025;ERR2509026;ERR2509027;ERR2509028	2019-03-26 08:24:40	2021-10-23 14:05:54	2597332	391876505	2597332	150	139		https://sra-downloadb.be-md.ncbi.nlm.nih.gov/sos2/sra-pub-zq-20/ERR002/2509/ERR2509028/ERR2509028.lite.2	Elim - Repl 1_p	RNA-Seq	unspecified	TRANSCRIPTOMIC	PAIRED	75	0	ILLUMINA	NextSeq 500	ERP107924	PRJEB25957		529111	ERS2393569	SAMEA1100291	simple	4932	Saccharomyces cerevisiae	SAMEA1100291							no					Anna Koza, DTU	ERA1286993		public	C9179808F89EAF7A2D892E2A92C596F5	E79DA92EF86691B9A18887FA1B110F6E		
ERX2528468	ERR2509029;ERR2509030;ERR2509031;ERR2509032	2019-03-26 08:24:40	2021-10-23 14:04:52	2379849	359195114	2379849	150	128		https://sra-downloadb.be-md.ncbi.nlm.nih.gov/sos2/sra-pub-zq-20/ERR002/2509/ERR2509032/ERR2509032.lite.2	Elim - Repl 2_p	RNA-Seq	unspecified	TRANSCRIPTOMIC	PAIRED	75	0	ILLUMINA	NextSeq 500	ERP107924	PRJEB25957		529111	ERS2393570	SAMEA1100292	simple	4932	Saccharomyces cerevisiae	SAMEA1100292							no					Anna Koza, DTU	ERA1286993		public	1B3A3C3CCF2E2111624F86C2FCFB0C12	97D561C670D3DC37F804F46CFBE04F0C		
ERX2528469	ERR2509033;ERR2509034;ERR2509035;ERR2509036	2019-03-26 08:24:40	2021-10-23 14:05:04	1965279	296523495	1965279	150	106		https://sra-downloadb.be-md.ncbi.nlm.nih.gov/sos2/sra-pub-zq-20/ERR002/2509/ERR2509036/ERR2509036.lite.2	Elim - Repl 3_p	RNA-Seq	unspecified	TRANSCRIPTOMIC	PAIRED	75	0	ILLUMINA	NextSeq 500	ERP107924	PRJEB25957		529111	ERS2393571	SAMEA1100293	simple	4932	Saccharomyces cerevisiae	SAMEA1100293							no					Anna Koza, DTU	ERA1286993		public	FA7D6A11809D583970CC78FDA50D0784	CEAC1D13EB2E36A54877DA36A298094F		
ERX2528470	ERR2509037;ERR2509038;ERR2509039;ERR2509040	2019-03-26 08:24:40	2021-10-23 14:05:27	2456861	370589667	2456861	150	135		https://sra-downloadb.be-md.ncbi.nlm.nih.gov/sos1/sra-pub-zq-38/ERR002/2509/ERR2509040/ERR2509040.lite.2	Nlim - Repl 1_p	RNA-Seq	unspecified	TRANSCRIPTOMIC	PAIRED	75	0	ILLUMINA	NextSeq 500	ERP107924	PRJEB25957		529111	ERS2393572	SAMEA1100294	simple	4932	Saccharomyces cerevisiae	SAMEA1100294							no					Anna Koza, DTU	ERA1286993		public	75FA207948A81EF92E919647656F0802	D1694A0CEB9DE90B5AAAA6972E3C8ACA		
ERX2528471	ERR2509041;ERR2509042;ERR2509043;ERR2509044	2019-03-26 08:24:40	2022-07-26 06:54:53	3677025	554575561	3677025	150	197		https://sra-downloadb.be-md.ncbi.nlm.nih.gov/sos3/sra-pub-zq-24/ERR002/2509/ERR2509044/ERR2509044.lite.2	Nlim - Repl 2_p	RNA-Seq	unspecified	TRANSCRIPTOMIC	PAIRED	75	0	ILLUMINA	NextSeq 500	ERP107924	PRJEB25957		529111	ERS2393573	SAMEA1100295	simple	4932	Saccharomyces cerevisiae	SAMEA1100295							no					Anna Koza, DTU	ERA1286993		public	5A56E3351DFD40424240A558A58E30C7	BE6C18CDC103B60BCF626B64570FFE95		
ERX2528472	ERR2509045;ERR2509046;ERR2509047;ERR2509048	2019-03-26 08:24:40	2021-10-23 14:06:00	2808979	424013202	2808979	150	152		https://sra-downloadb.be-md.ncbi.nlm.nih.gov/sos2/sra-pub-zq-20/ERR002/2509/ERR2509048/ERR2509048.lite.2	Nlim - Repl 3_p	RNA-Seq	unspecified	TRANSCRIPTOMIC	PAIRED	75	0	ILLUMINA	NextSeq 500	ERP107924	PRJEB25957		529111	ERS2393574	SAMEA1100296	simple	4932	Saccharomyces cerevisiae	SAMEA1100296							no					Anna Koza, DTU	ERA1286993		public	36A3E4F6CE785853EF9DF901F7DDBFDB	A6CA1A430FDB2B2D04A441185B08B404		
ERX2528473	ERR2509049;ERR2509050;ERR2509051;ERR2509052	2019-03-26 08:24:41	2021-10-23 14:06:29	2591142	390918749	2591142	150	140		https://sra-downloadb.be-md.ncbi.nlm.nih.gov/sos2/sra-pub-zq-20/ERR002/2509/ERR2509052/ERR2509052.lite.2	RespGlim - Repl 1_p	RNA-Seq	unspecified	TRANSCRIPTOMIC	PAIRED	75	0	ILLUMINA	NextSeq 500	ERP107924	PRJEB25957		529111	ERS2393575	SAMEA1100297	simple	4932	Saccharomyces cerevisiae	SAMEA1100297							no					Anna Koza, DTU	ERA1286993		public	6537F0CA0781F8EDA899EEAA141A5AEC	E5EC786250BE480B03ED62A0092874F3		
ERX2528474	ERR2509053;ERR2509054;ERR2509055;ERR2509056	2019-03-26 08:24:41	2021-10-23 14:06:35	2780473	419585858	2780473	150	151		https://sra-downloadb.be-md.ncbi.nlm.nih.gov/sos2/sra-pub-zq-20/ERR002/2509/ERR2509056/ERR2509056.lite.2	RespGlim - Repl 2_p	RNA-Seq	unspecified	TRANSCRIPTOMIC	PAIRED	75	0	ILLUMINA	NextSeq 500	ERP107924	PRJEB25957		529111	ERS2393576	SAMEA1100298	simple	4932	Saccharomyces cerevisiae	SAMEA1100298							no					Anna Koza, DTU	ERA1286993		public	F1657C02863CD5B75C61DF6094C2BD1A	FB28D473CAAB24254803565B9E127EDC		
ERX2528475	ERR2509057;ERR2509058;ERR2509059;ERR2509060	2019-03-26 08:24:41	2021-10-23 14:05:30	2620015	395540536	2620015	150	144		https://sra-downloadb.be-md.ncbi.nlm.nih.gov/sos1/sra-pub-zq-38/ERR002/2509/ERR2509060/ERR2509060.lite.2	RespGlim - Repl 3_p	RNA-Seq	unspecified	TRANSCRIPTOMIC	PAIRED	75	0	ILLUMINA	NextSeq 500	ERP107924	PRJEB25957		529111	ERS2393577	SAMEA1100299	simple	4932	Saccharomyces cerevisiae	SAMEA1100299							no					Anna Koza, DTU	ERA1286993		public	607E805835EBA21FEF43588B0F486E41	C51EBFB53C970241C152A39B29EC8E82		
ERX2557265	ERR2538811;ERR2538812;ERR2538813;ERR2538814	2019-01-24 09:55:25	2022-07-24 04:14:43	2405811	363091283	0	150	134		https://sra-downloadb.be-md.ncbi.nlm.nih.gov/sos2/sra-pub-zq-18/ERR002/2538/ERR2538814/ERR2538814.lite.2	Ana_Rep1_p	RNA-Seq	unspecified	TRANSCRIPTOMIC	PAIRED	75	0	ILLUMINA	NextSeq 500	ERP108447	PRJEB26460		513025	ERS2439308	SAMEA4618626	simple	4932	Saccharomyces cerevisiae	SAMEA4618626							no					Technical University of Denmark Novo Nordisk Foundation Center for Biosustainability	ERA1357933		public	A79C749E21FEA713A095200E545E755E	01B77999D07A361DB3B1A5B3E538E020		
ERX2557266	ERR2538815;ERR2538816;ERR2538817;ERR2538818	2019-01-24 09:55:25	2022-07-17 09:55:55	2223522	335688649	2223522	150	120		https://sra-downloadb.be-md.ncbi.nlm.nih.gov/sos3/sra-pub-zq-22/ERR002/2538/ERR2538818/ERR2538818.lite.2	Ana_Rep2_p	RNA-Seq	unspecified	TRANSCRIPTOMIC	PAIRED	75	0	ILLUMINA	NextSeq 500	ERP108447	PRJEB26460		513025	ERS2439309	SAMEA4618627	simple	4932	Saccharomyces cerevisiae	SAMEA4618627							no					Technical University of Denmark Novo Nordisk Foundation Center for Biosustainability	ERA1357933		public	397CBA61DED2385351B4F23C83B55E44	F0CB5764F7429481B4D411C61DE4D2E5		
ERX2557267	ERR2538819;ERR2538820;ERR2538821;ERR2538822	2019-01-24 09:55:25	2021-10-23 21:15:54	3526963	532232312	3526963	150	192		https://sra-downloadb.be-md.ncbi.nlm.nih.gov/sos1/sra-pub-zq-38/ERR002/2538/ERR2538822/ERR2538822.lite.2	Ana_Rep3_p	RNA-Seq	unspecified	TRANSCRIPTOMIC	PAIRED	75	0	ILLUMINA	NextSeq 500	ERP108447	PRJEB26460		513025	ERS2439310	SAMEA4618628	simple	4932	Saccharomyces cerevisiae	SAMEA4618628							no					Technical University of Denmark Novo Nordisk Foundation Center for Biosustainability	ERA1357933		public	578B77DF665FD4BEA6EEC7D50AAABBB5	EE4C4FF71F34B8307B9AB2A12EE6EC43		
ERX2557268	ERR2538823;ERR2538824;ERR2538825;ERR2538826	2019-01-24 09:55:25	2022-07-15 21:36:44	2597332	391876505	2597332	150	139		https://sra-downloadb.be-md.ncbi.nlm.nih.gov/sos2/sra-pub-zq-18/ERR002/2538/ERR2538826/ERR2538826.lite.2	Eth_Rep1_p	RNA-Seq	unspecified	TRANSCRIPTOMIC	PAIRED	75	0	ILLUMINA	NextSeq 500	ERP108447	PRJEB26460		513025	ERS2439311	SAMEA4618629	simple	4932	Saccharomyces cerevisiae	SAMEA4618629							no					Technical University of Denmark Novo Nordisk Foundation Center for Biosustainability	ERA1357933		public	C9179808F89EAF7A2D892E2A92C596F5	E79DA92EF86691B9A18887FA1B110F6E		
ERX2557269	ERR2538827;ERR2538828;ERR2538829;ERR2538830	2019-01-24 09:55:26	2022-07-21 17:12:32	2379849	359195114	2379849	150	128		https://sra-downloadb.be-md.ncbi.nlm.nih.gov/sos2/sra-pub-zq-18/ERR002/2538/ERR2538830/ERR2538830.lite.2	Eth_Rep2_p	RNA-Seq	unspecified	TRANSCRIPTOMIC	PAIRED	75	0	ILLUMINA	NextSeq 500	ERP108447	PRJEB26460		513025	ERS2439312	SAMEA4618630	simple	4932	Saccharomyces cerevisiae	SAMEA4618630							no					Technical University of Denmark Novo Nordisk Foundation Center for Biosustainability	ERA1357933		public	1B3A3C3CCF2E2111624F86C2FCFB0C12	97D561C670D3DC37F804F46CFBE04F0C		
ERX2557270	ERR2538831;ERR2538832;ERR2538833;ERR2538834	2019-01-24 09:55:26	2022-07-24 04:14:38	1965279	296523495	0	150	106		https://sra-downloadb.be-md.ncbi.nlm.nih.gov/sos2/sra-pub-zq-18/ERR002/2538/ERR2538834/ERR2538834.lite.2	Eth_Rep3_p	RNA-Seq	unspecified	TRANSCRIPTOMIC	PAIRED	75	0	ILLUMINA	NextSeq 500	ERP108447	PRJEB26460		513025	ERS2439313	SAMEA4618631	simple	4932	Saccharomyces cerevisiae	SAMEA4618631							no					Technical University of Denmark Novo Nordisk Foundation Center for Biosustainability	ERA1357933		public	FA7D6A11809D583970CC78FDA50D0784	CEAC1D13EB2E36A54877DA36A298094F		
ERX2557271	ERR2538835;ERR2538836;ERR2538837;ERR2538838	2019-01-24 09:55:26	2021-10-23 21:15:32	2591142	390918749	2591142	150	140		https://sra-downloadb.be-md.ncbi.nlm.nih.gov/sos3/sra-pub-zq-24/ERR002/2538/ERR2538838/ERR2538838.lite.2	Glu_Rep1_p	RNA-Seq	unspecified	TRANSCRIPTOMIC	PAIRED	75	0	ILLUMINA	NextSeq 500	ERP108447	PRJEB26460		513025	ERS2439314	SAMEA4618632	simple	4932	Saccharomyces cerevisiae	SAMEA4618632							no					Technical University of Denmark Novo Nordisk Foundation Center for Biosustainability	ERA1357933		public	6537F0CA0781F8EDA899EEAA141A5AEC	E5EC786250BE480B03ED62A0092874F3		
ERX2557272	ERR2538839;ERR2538840;ERR2538841;ERR2538842	2019-01-24 09:55:26	2021-10-23 21:15:27	2780473	419585858	2780473	150	151		https://sra-downloadb.be-md.ncbi.nlm.nih.gov/sos2/sra-pub-zq-20/ERR002/2538/ERR2538842/ERR2538842.lite.2	Glu_Rep2_p	RNA-Seq	unspecified	TRANSCRIPTOMIC	PAIRED	75	0	ILLUMINA	NextSeq 500	ERP108447	PRJEB26460		513025	ERS2439315	SAMEA4618633	simple	4932	Saccharomyces cerevisiae	SAMEA4618633							no					Technical University of Denmark Novo Nordisk Foundation Center for Biosustainability	ERA1357933		public	F1657C02863CD5B75C61DF6094C2BD1A	FB28D473CAAB24254803565B9E127EDC		
ERX2557273	ERR2538843;ERR2538844;ERR2538845;ERR2538846	2019-01-24 09:55:26	2021-10-23 21:15:40	2620015	395540536	2620015	150	144		https://sra-downloadb.be-md.ncbi.nlm.nih.gov/sos2/sra-pub-zq-18/ERR002/2538/ERR2538846/ERR2538846.lite.2	Glu_Rep3_p	RNA-Seq	unspecified	TRANSCRIPTOMIC	PAIRED	75	0	ILLUMINA	NextSeq 500	ERP108447	PRJEB26460		513025	ERS2439316	SAMEA4618634	simple	4932	Saccharomyces cerevisiae	SAMEA4618634							no					Technical University of Denmark Novo Nordisk Foundation Center for Biosustainability	ERA1357933		public	607E805835EBA21FEF43588B0F486E41	C51EBFB53C970241C152A39B29EC8E82		
ERX2557274	ERR2538847;ERR2538848;ERR2538849;ERR2538850	2019-01-24 09:55:26	2021-10-23 21:15:33	2456861	370589667	2456861	150	135		https://sra-downloadb.be-md.ncbi.nlm.nih.gov/sos2/sra-pub-zq-20/ERR002/2538/ERR2538850/ERR2538850.lite.2	Nit_Rep1_p	RNA-Seq	unspecified	TRANSCRIPTOMIC	PAIRED	75	0	ILLUMINA	NextSeq 500	ERP108447	PRJEB26460		513025	ERS2439317	SAMEA4618635	simple	4932	Saccharomyces cerevisiae	SAMEA4618635							no					Technical University of Denmark Novo Nordisk Foundation Center for Biosustainability	ERA1357933		public	75FA207948A81EF92E919647656F0802	D1694A0CEB9DE90B5AAAA6972E3C8ACA		
ERX2557275	ERR2538851;ERR2538852;ERR2538853;ERR2538854	2019-01-24 09:55:26	2021-10-23 21:16:31	3677025	554575561	3677025	150	197		https://sra-downloadb.be-md.ncbi.nlm.nih.gov/sos1/sra-pub-zq-38/ERR002/2538/ERR2538854/ERR2538854.lite.2	Nit_Rep2_p	RNA-Seq	unspecified	TRANSCRIPTOMIC	PAIRED	75	0	ILLUMINA	NextSeq 500	ERP108447	PRJEB26460		513025	ERS2439318	SAMEA4618636	simple	4932	Saccharomyces cerevisiae	SAMEA4618636							no					Technical University of Denmark Novo Nordisk Foundation Center for Biosustainability	ERA1357933		public	5A56E3351DFD40424240A558A58E30C7	BE6C18CDC103B60BCF626B64570FFE95		
ERX2557276	ERR2538855;ERR2538856;ERR2538857;ERR2538858	2019-01-24 09:55:26	2021-10-23 21:15:28	2808979	424013202	2808979	150	152		https://sra-downloadb.be-md.ncbi.nlm.nih.gov/sos3/sra-pub-zq-24/ERR002/2538/ERR2538858/ERR2538858.lite.2	Nit_Rep3_p	RNA-Seq	unspecified	TRANSCRIPTOMIC	PAIRED	75	0	ILLUMINA	NextSeq 500	ERP108447	PRJEB26460		513025	ERS2439319	SAMEA4618637	simple	4932	Saccharomyces cerevisiae	SAMEA4618637							no					Technical University of Denmark Novo Nordisk Foundation Center for Biosustainability	ERA1357933		public	36A3E4F6CE785853EF9DF901F7DDBFDB	A6CA1A430FDB2B2D04A441185B08B404		
ERX3728188	ERR3726918	2020-04-18 18:28:38	2022-07-24 19:45:26	7162325	1080656607	7162325	150	446		https://sra-downloadb.be-md.ncbi.nlm.nih.gov/sos2/sra-pub-zq-20/ERR003/3726/ERR3726918/ERR3726918.lite.1	Sample 1_p	RNA-Seq	Oligo-dT	TRANSCRIPTOMIC	PAIRED	135	50	ILLUMINA	NextSeq 500	ERP118849	PRJEB35742		621255	ERS4143753	SAMEA6377662	simple	4932	Saccharomyces cerevisiae	SAMEA6377662							no					The Novo Nordisk Foundation Center for Biosustainability	ERA2315239		public	61885C08B5A963114024536C8A406751	7B5AB48348A448CDFC4C110851CE4495		
ERX3728189	ERR3726919	2020-04-18 18:28:38	2022-07-14 11:23:36	7219022	1089433330	7219022	150	441		https://sra-downloadb.be-md.ncbi.nlm.nih.gov/sos5/sra-pub-zq-16/ERR003/3726/ERR3726919/ERR3726919.lite.2	Sample 2_p	RNA-Seq	Oligo-dT	TRANSCRIPTOMIC	PAIRED	135	50	ILLUMINA	NextSeq 500	ERP118849	PRJEB35742		621255	ERS4143754	SAMEA6377663	simple	4932	Saccharomyces cerevisiae	SAMEA6377663							no					The Novo Nordisk Foundation Center for Biosustainability	ERA2315239		public	42C3F7B4594E4226217B7A11ABC7D2C3	CB9828C5E019B08A5CE38E33DC7D9199		
ERX3728190	ERR3726920	2020-04-18 18:28:38	2022-07-21 06:02:46	7531065	1136709914	7531065	150	468		https://sra-downloadb.be-md.ncbi.nlm.nih.gov/sos1/sra-pub-zq-38/ERR003/3726/ERR3726920/ERR3726920.lite.2	Sample 3_p	RNA-Seq	Oligo-dT	TRANSCRIPTOMIC	PAIRED	135	50	ILLUMINA	NextSeq 500	ERP118849	PRJEB35742		621255	ERS4143755	SAMEA6377664	simple	4932	Saccharomyces cerevisiae	SAMEA6377664							no					The Novo Nordisk Foundation Center for Biosustainability	ERA2315239		public	80E7AC377A3DCFC3E3BF92751F118557	094C3885A73A91F1BCF496F4140BE97B		
ERX3728191	ERR3726921	2020-04-18 18:28:38	2022-07-22 16:13:57	6697873	1010869487	6697873	150	407		https://sra-downloadb.be-md.ncbi.nlm.nih.gov/sos1/sra-pub-zq-38/ERR003/3726/ERR3726921/ERR3726921.lite.1	Sample 4_p	RNA-Seq	Oligo-dT	TRANSCRIPTOMIC	PAIRED	135	50	ILLUMINA	NextSeq 500	ERP118849	PRJEB35742		621255	ERS4143756	SAMEA6377665	simple	4932	Saccharomyces cerevisiae	SAMEA6377665							no					The Novo Nordisk Foundation Center for Biosustainability	ERA2315239		public	DC7D85D3175D7FE07DB6C85DCC45014B	7AC1F23DE7997B27B6B7144D7BD32E1B		
ERX3728192	ERR3726922	2020-04-18 18:28:38	2022-07-14 06:51:32	7006126	1057458172	7006126	150	446		https://sra-downloadb.be-md.ncbi.nlm.nih.gov/sos5/sra-pub-zq-16/ERR003/3726/ERR3726922/ERR3726922.lite.2	Sample 5_p	RNA-Seq	Oligo-dT	TRANSCRIPTOMIC	PAIRED	135	50	ILLUMINA	NextSeq 500	ERP118849	PRJEB35742		621255	ERS4143757	SAMEA6377666	simple	4932	Saccharomyces cerevisiae	SAMEA6377666							no					The Novo Nordisk Foundation Center for Biosustainability	ERA2315239		public	3137891FEC75F79B4A33529A81252E0C	C61ACB3C88C6F7C6C38EA3F0DCAEC85B		
ERX3728193	ERR3726923	2020-04-18 18:28:38	2022-07-24 19:45:24	6873554	1037468499	6873554	150	428		https://sra-downloadb.be-md.ncbi.nlm.nih.gov/sos1/sra-pub-zq-38/ERR003/3726/ERR3726923/ERR3726923.lite.2	Sample 6_p	RNA-Seq	Oligo-dT	TRANSCRIPTOMIC	PAIRED	135	50	ILLUMINA	NextSeq 500	ERP118849	PRJEB35742		621255	ERS4143758	SAMEA6377667	simple	4932	Saccharomyces cerevisiae	SAMEA6377667							no					The Novo Nordisk Foundation Center for Biosustainability	ERA2315239		public	8F08F50BA289F64EC1798D7D4E59DEEA	D75F45BDD14F3C44655D9C11FF2C64D8		
ERX3728194	ERR3726924	2020-04-18 18:28:38	2022-07-24 19:45:10	6422868	969344542	0	150	393		https://sra-downloadb.be-md.ncbi.nlm.nih.gov/sos2/sra-pub-zq-20/ERR003/3726/ERR3726924/ERR3726924.lite.2	Sample 7_p	RNA-Seq	Oligo-dT	TRANSCRIPTOMIC	PAIRED	135	50	ILLUMINA	NextSeq 500	ERP118849	PRJEB35742		621255	ERS4143759	SAMEA6377669	simple	4932	Saccharomyces cerevisiae	SAMEA6377669							no					The Novo Nordisk Foundation Center for Biosustainability	ERA2315239		public	64932D4A2E6B8F69C6F8D397A725FDD3	861B7CA635715B927FCAB055B6925BC3		
ERX3728195	ERR3726925	2020-04-18 18:28:38	2022-07-18 08:15:50	5996438	905055823	5996438	150	363		https://sra-downloadb.be-md.ncbi.nlm.nih.gov/sos5/sra-pub-zq-16/ERR003/3726/ERR3726925/ERR3726925.lite.2	Sample 8_p	RNA-Seq	Oligo-dT	TRANSCRIPTOMIC	PAIRED	135	50	ILLUMINA	NextSeq 500	ERP118849	PRJEB35742		621255	ERS4143760	SAMEA6377670	simple	4932	Saccharomyces cerevisiae	SAMEA6377670							no					The Novo Nordisk Foundation Center for Biosustainability	ERA2315239		public	911E3E3F5FB875135F0BA44A74E56E92	946A652D67B44840B943737A02E89CD6		
ERX3728196	ERR3726926	2020-04-18 18:28:38	2022-07-29 23:00:09	7252816	1094316632	7252816	150	436		https://sra-downloadb.be-md.ncbi.nlm.nih.gov/sos3/sra-pub-zq-24/ERR003/3726/ERR3726926/ERR3726926.lite.2	Sample 9_p	RNA-Seq	Oligo-dT	TRANSCRIPTOMIC	PAIRED	135	50	ILLUMINA	NextSeq 500	ERP118849	PRJEB35742		621255	ERS4143761	SAMEA6377671	simple	4932	Saccharomyces cerevisiae	SAMEA6377671							no					The Novo Nordisk Foundation Center for Biosustainability	ERA2315239		public	93E5B6BA4050756CC6B7184624ECA977	06FF90949EEE5AEED37C2A781F8A2B86		
ERX3728197	ERR3726927	2020-04-18 18:28:38	2022-07-22 07:34:12	7143947	1077888613	7143947	150	428		https://sra-downloadb.be-md.ncbi.nlm.nih.gov/sos4/sra-pub-zq-1/ERR003/3726/ERR3726927/ERR3726927.lite.2	Sample 10_p	RNA-Seq	Oligo-dT	TRANSCRIPTOMIC	PAIRED	135	50	ILLUMINA	NextSeq 500	ERP118849	PRJEB35742		621255	ERS4143762	SAMEA6377672	simple	4932	Saccharomyces cerevisiae	SAMEA6377672							no					The Novo Nordisk Foundation Center for Biosustainability	ERA2315239		public	C2695B24C78469706E144386A13666C5	3F88013D12E8BC122D8B91230A20B266		
ERX3728198	ERR3726928	2020-04-18 18:28:38	2022-07-18 08:49:53	7808440	1178472865	7808440	150	467		https://sra-downloadb.be-md.ncbi.nlm.nih.gov/sos3/sra-pub-zq-24/ERR003/3726/ERR3726928/ERR3726928.lite.1	Sample 11_p	RNA-Seq	Oligo-dT	TRANSCRIPTOMIC	PAIRED	135	50	ILLUMINA	NextSeq 500	ERP118849	PRJEB35742		621255	ERS4143763	SAMEA6377673	simple	4932	Saccharomyces cerevisiae	SAMEA6377673							no					The Novo Nordisk Foundation Center for Biosustainability	ERA2315239		public	CE49AC3C6A2144EE44D16B71C82698A3	9AE8A081C1E75228C270F954D2D76583		
ERX3728199	ERR3726929	2020-04-18 18:28:38	2022-07-14 05:19:12	8133133	1227404764	8133133	150	491		https://sra-downloadb.be-md.ncbi.nlm.nih.gov/sos5/sra-pub-zq-16/ERR003/3726/ERR3726929/ERR3726929.lite.2	Sample 12_p	RNA-Seq	Oligo-dT	TRANSCRIPTOMIC	PAIRED	135	50	ILLUMINA	NextSeq 500	ERP118849	PRJEB35742		621255	ERS4143764	SAMEA6377674	simple	4932	Saccharomyces cerevisiae	SAMEA6377674							no					The Novo Nordisk Foundation Center for Biosustainability	ERA2315239		public	E6FB49216E14AD2087F8D2DF6B419644	09E01713840C3D5E46C321E2F3DB8022		
ERX3728200	ERR3726930	2020-04-18 18:28:38	2022-07-24 19:44:36	5981738	902715205	5981738	150	362		https://sra-downloadb.be-md.ncbi.nlm.nih.gov/sos2/sra-pub-zq-20/ERR003/3726/ERR3726930/ERR3726930.lite.2	Sample 13_p	RNA-Seq	Oligo-dT	TRANSCRIPTOMIC	PAIRED	135	50	ILLUMINA	NextSeq 500	ERP118849	PRJEB35742		621255	ERS4143765	SAMEA6377675	simple	4932	Saccharomyces cerevisiae	SAMEA6377675							no					The Novo Nordisk Foundation Center for Biosustainability	ERA2315239		public	F163DF48B9DB98EA4BB5E1F0B34C537D	1D3D18070F8D2108C369EA171DD15C67		
ERX3728201	ERR3726931	2020-04-18 18:28:38	2022-07-15 23:36:09	6224998	939624538	6224998	150	380		https://sra-downloadb.be-md.ncbi.nlm.nih.gov/sos5/sra-pub-zq-16/ERR003/3726/ERR3726931/ERR3726931.lite.2	Sample 14_p	RNA-Seq	Oligo-dT	TRANSCRIPTOMIC	PAIRED	135	50	ILLUMINA	NextSeq 500	ERP118849	PRJEB35742		621255	ERS4143766	SAMEA6377676	simple	4932	Saccharomyces cerevisiae	SAMEA6377676							no					The Novo Nordisk Foundation Center for Biosustainability	ERA2315239		public	A245907DB7DB81304D47DC7252A6DC3F	3E993F8E674ED1E21E265D8FF39F3BE8		
ERX3728202	ERR3726932	2020-04-18 18:28:38	2022-07-24 19:44:45	5974983	901870996	5974983	150	366		https://sra-downloadb.be-md.ncbi.nlm.nih.gov/sos2/sra-pub-zq-20/ERR003/3726/ERR3726932/ERR3726932.lite.2	Sample 15_p	RNA-Seq	Oligo-dT	TRANSCRIPTOMIC	PAIRED	135	50	ILLUMINA	NextSeq 500	ERP118849	PRJEB35742		621255	ERS4143767	SAMEA6377677	simple	4932	Saccharomyces cerevisiae	SAMEA6377677							no					The Novo Nordisk Foundation Center for Biosustainability	ERA2315239		public	51A871B76CD5670743A73A4C7BF3B669	F9A5C4AD6E13A10CC9A6AFF72F63F1AE		
ERX3728203	ERR3726933	2020-04-18 18:28:38	2022-07-24 19:46:14	6353123	958948470	6353123	150	382		https://sra-downloadb.be-md.ncbi.nlm.nih.gov/sos3/sra-pub-zq-22/ERR003/3726/ERR3726933/ERR3726933.lite.1	Sample 16_p	RNA-Seq	Oligo-dT	TRANSCRIPTOMIC	PAIRED	135	50	ILLUMINA	NextSeq 500	ERP118849	PRJEB35742		621255	ERS4143768	SAMEA6377678	simple	4932	Saccharomyces cerevisiae	SAMEA6377678							no					The Novo Nordisk Foundation Center for Biosustainability	ERA2315239		public	3EF582B67166980161980050DDD002BF	5DF9BE38A9C3EF345135A9E703A58FB5		
ERX3728204	ERR3726934	2020-04-18 18:28:38	2022-07-24 19:44:41	6313470	952833320	6313470	150	384		https://sra-downloadb.be-md.ncbi.nlm.nih.gov/sos2/sra-pub-zq-20/ERR003/3726/ERR3726934/ERR3726934.lite.2	Sample 17_p	RNA-Seq	Oligo-dT	TRANSCRIPTOMIC	PAIRED	135	50	ILLUMINA	NextSeq 500	ERP118849	PRJEB35742		621255	ERS4143769	SAMEA6377679	simple	4932	Saccharomyces cerevisiae	SAMEA6377679							no					The Novo Nordisk Foundation Center for Biosustainability	ERA2315239		public	FC26019B9219B87240EA3F48ED326030	0E1E58249CED5192CA4D202FAE6BF207		
ERX3728205	ERR3726935	2020-04-18 18:28:38	2022-07-24 19:44:51	6890349	1039822741	0	150	418		https://sra-downloadb.be-md.ncbi.nlm.nih.gov/sos4/sra-pub-zq-1/ERR003/3726/ERR3726935/ERR3726935.lite.2	Sample 18_p	RNA-Seq	Oligo-dT	TRANSCRIPTOMIC	PAIRED	135	50	ILLUMINA	NextSeq 500	ERP118849	PRJEB35742		621255	ERS4143770	SAMEA6377680	simple	4932	Saccharomyces cerevisiae	SAMEA6377680							no					The Novo Nordisk Foundation Center for Biosustainability	ERA2315239		public	F8BFDC4D924DB2DF281454C28D5D6A0A	4ED1D16D4534C23E9B884E6C024D6512		
ERX3728206	ERR3726936	2020-04-18 18:28:38	2022-07-24 19:44:43	5902432	890689343	5902432	150	356		https://sra-downloadb.be-md.ncbi.nlm.nih.gov/sos3/sra-pub-zq-24/ERR003/3726/ERR3726936/ERR3726936.lite.2	Sample 19_p	RNA-Seq	Oligo-dT	TRANSCRIPTOMIC	PAIRED	135	50	ILLUMINA	NextSeq 500	ERP118849	PRJEB35742		621255	ERS4143771	SAMEA6377681	simple	4932	Saccharomyces cerevisiae	SAMEA6377681							no					The Novo Nordisk Foundation Center for Biosustainability	ERA2315239		public	AD1C4CD705FD9551837C31695D7E93A0	725BE64A6FF14BAC43C41C693C651A67		
ERX3728207	ERR3726937	2020-04-18 18:28:38	2022-07-18 08:49:22	5995829	904925641	5995829	150	367		https://sra-downloadb.be-md.ncbi.nlm.nih.gov/sos5/sra-pub-zq-16/ERR003/3726/ERR3726937/ERR3726937.lite.2	Sample 20_p	RNA-Seq	Oligo-dT	TRANSCRIPTOMIC	PAIRED	135	50	ILLUMINA	NextSeq 500	ERP118849	PRJEB35742		621255	ERS4143772	SAMEA6377682	simple	4932	Saccharomyces cerevisiae	SAMEA6377682							no					The Novo Nordisk Foundation Center for Biosustainability	ERA2315239		public	857C1E7B86D0B47A1D2485EA157761B8	90C90F08531091B34650910DA3986BCD		
ERX3728208	ERR3726938	2020-04-18 18:28:38	2022-07-24 19:44:44	5865965	885255424	0	150	359		https://sra-downloadb.be-md.ncbi.nlm.nih.gov/sos3/sra-pub-zq-24/ERR003/3726/ERR3726938/ERR3726938.lite.2	Sample 21_p	RNA-Seq	Oligo-dT	TRANSCRIPTOMIC	PAIRED	135	50	ILLUMINA	NextSeq 500	ERP118849	PRJEB35742		621255	ERS4143773	SAMEA6377683	simple	4932	Saccharomyces cerevisiae	SAMEA6377683							no					The Novo Nordisk Foundation Center for Biosustainability	ERA2315239		public	745A2B5E9357B3D9400884F8A296624D	DC317FD9ACECF9D4A95096CADB1C80DA		
ERX3728209	ERR3726939	2020-04-18 18:28:38	2022-07-15 23:35:51	6606054	997046397	6606054	150	404		https://sra-downloadb.be-md.ncbi.nlm.nih.gov/sos3/sra-pub-zq-24/ERR003/3726/ERR3726939/ERR3726939.lite.1	Sample 22_p	RNA-Seq	Oligo-dT	TRANSCRIPTOMIC	PAIRED	135	50	ILLUMINA	NextSeq 500	ERP118849	PRJEB35742		621255	ERS4143774	SAMEA6377684	simple	4932	Saccharomyces cerevisiae	SAMEA6377684							no					The Novo Nordisk Foundation Center for Biosustainability	ERA2315239		public	81DECDC1B1F1728F49A13A7C327F061F	98C1D133D2ED51DB3C1C7B40BD1CBB1C		
ERX3728210	ERR3726940	2020-04-18 18:28:38	2022-07-20 11:16:25	5534925	835310007	5534925	150	340		https://sra-downloadb.be-md.ncbi.nlm.nih.gov/sos1/sra-pub-zq-38/ERR003/3726/ERR3726940/ERR3726940.lite.2	Sample 23_p	RNA-Seq	Oligo-dT	TRANSCRIPTOMIC	PAIRED	135	50	ILLUMINA	NextSeq 500	ERP118849	PRJEB35742		621255	ERS4143775	SAMEA6377685	simple	4932	Saccharomyces cerevisiae	SAMEA6377685							no					The Novo Nordisk Foundation Center for Biosustainability	ERA2315239		public	45DCA6D7BF52A8A774C71930D24A313E	B64DD9E243B1F105BB19322EB23304B7		
ERX3728211	ERR3726941	2020-04-18 18:28:38	2022-07-24 19:45:13	6082804	917915338	6082804	150	370		https://sra-downloadb.be-md.ncbi.nlm.nih.gov/sos2/sra-pub-zq-20/ERR003/3726/ERR3726941/ERR3726941.lite.2	Sample 24_p	RNA-Seq	Oligo-dT	TRANSCRIPTOMIC	PAIRED	135	50	ILLUMINA	NextSeq 500	ERP118849	PRJEB35742		621255	ERS4143776	SAMEA6377686	simple	4932	Saccharomyces cerevisiae	SAMEA6377686							no					The Novo Nordisk Foundation Center for Biosustainability	ERA2315239		public	7AC0B2EA945716C8C8AA982F8500733B	671A6B2D1C0744688A6870918A85BACB		
ERX3728212	ERR3726942	2020-04-18 18:28:38	2022-07-13 14:06:19	7103153	1071767831	7103153	150	429		https://sra-downloadb.be-md.ncbi.nlm.nih.gov/sos5/sra-pub-zq-16/ERR003/3726/ERR3726942/ERR3726942.lite.2	Sample 25_p	RNA-Seq	Oligo-dT	TRANSCRIPTOMIC	PAIRED	135	50	ILLUMINA	NextSeq 500	ERP118849	PRJEB35742		621255	ERS4143777	SAMEA6377687	simple	4932	Saccharomyces cerevisiae	SAMEA6377687							no					The Novo Nordisk Foundation Center for Biosustainability	ERA2315239		public	9136C1110E0E7C23C3032844F3DC5345	B9486FC64BB7454E49DAF78148A0AF59		
ERX3728213	ERR3726943	2020-04-18 18:28:38	2022-07-12 19:14:17	7371431	1112202111	7371431	150	443		https://sra-downloadb.be-md.ncbi.nlm.nih.gov/sos5/sra-pub-zq-16/ERR003/3726/ERR3726943/ERR3726943.lite.2	Sample 26_p	RNA-Seq	Oligo-dT	TRANSCRIPTOMIC	PAIRED	135	50	ILLUMINA	NextSeq 500	ERP118849	PRJEB35742		621255	ERS4143778	SAMEA6377688	simple	4932	Saccharomyces cerevisiae	SAMEA6377688							no					The Novo Nordisk Foundation Center for Biosustainability	ERA2315239		public	FC27BF99DD65224F4BECC67C76BD7511	9B971A38E2B7D35D914F51E6DDDEB2EC		
ERX3728214	ERR3726944	2020-04-18 18:28:38	2022-07-24 19:45:36	7176774	1083025853	7176774	150	431		https://sra-downloadb.be-md.ncbi.nlm.nih.gov/sos2/sra-pub-zq-20/ERR003/3726/ERR3726944/ERR3726944.lite.2	Sample 27_p	RNA-Seq	Oligo-dT	TRANSCRIPTOMIC	PAIRED	135	50	ILLUMINA	NextSeq 500	ERP118849	PRJEB35742		621255	ERS4143779	SAMEA6377689	simple	4932	Saccharomyces cerevisiae	SAMEA6377689							no					The Novo Nordisk Foundation Center for Biosustainability	ERA2315239		public	75DF37FCEC44FBD778ABD204DBF9B7CD	3762F784E6E10FB0D432BB0F7AC1511A		
ERX3728215	ERR3726945	2020-04-18 18:28:38	2022-07-13 21:41:24	7170984	1081959460	7170984	150	434		https://sra-downloadb.be-md.ncbi.nlm.nih.gov/sos2/sra-pub-zq-18/ERR003/3726/ERR3726945/ERR3726945.lite.1	Sample 28_p	RNA-Seq	Oligo-dT	TRANSCRIPTOMIC	PAIRED	135	50	ILLUMINA	NextSeq 500	ERP118849	PRJEB35742		621255	ERS4143780	SAMEA6377690	simple	4932	Saccharomyces cerevisiae	SAMEA6377690							no					The Novo Nordisk Foundation Center for Biosustainability	ERA2315239		public	6357BE8AF152B9F5FFCCF9B5033DC389	09F28C9F9266509B618C7CDEDBDFDA15		
ERX3728216	ERR3726946	2020-04-18 18:28:38	2022-07-29 23:01:04	6953886	1049401979	6953886	150	423		https://sra-downloadb.be-md.ncbi.nlm.nih.gov/sos1/sra-pub-zq-38/ERR003/3726/ERR3726946/ERR3726946.lite.2	Sample 29_p	RNA-Seq	Oligo-dT	TRANSCRIPTOMIC	PAIRED	135	50	ILLUMINA	NextSeq 500	ERP118849	PRJEB35742		621255	ERS4143781	SAMEA6377691	simple	4932	Saccharomyces cerevisiae	SAMEA6377691							no					The Novo Nordisk Foundation Center for Biosustainability	ERA2315239		public	738C9F086D1744A0CB47E6DAA3BD25F0	C93941205B3089887D02E8382BF2A060		
ERX3728217	ERR3726947	2020-04-18 18:28:38	2022-07-24 19:45:11	7005934	1057341430	0	150	428		https://sra-downloadb.be-md.ncbi.nlm.nih.gov/sos3/sra-pub-zq-24/ERR003/3726/ERR3726947/ERR3726947.lite.2	Sample 30_p	RNA-Seq	Oligo-dT	TRANSCRIPTOMIC	PAIRED	135	50	ILLUMINA	NextSeq 500	ERP118849	PRJEB35742		621255	ERS4143782	SAMEA6377692	simple	4932	Saccharomyces cerevisiae	SAMEA6377692							no					The Novo Nordisk Foundation Center for Biosustainability	ERA2315239		public	09E03F2642D045AE49B07AA86290C6B1	876F4CEB473C155B29259581C9796E10		
ERX4137096	ERR4173538;ERR4173539;ERR4173540;ERR4173541	2021-03-24 11:13:09	2021-04-13 05:05:57	2432847	367310699	2432847	150	126		https://sra-downloadb.be-md.ncbi.nlm.nih.gov/sos1/sra-pub-zq-38/ERR004/4173/ERR4173541/ERR4173541.lite.1	Sample 22_p	RNA-Seq	PolyA	TRANSCRIPTOMIC	PAIRED	75	5	ILLUMINA	NextSeq 500	ERP121894	PRJEB38463		724164	ERS4581296	SAMEA6853706	simple	4932	Saccharomyces cerevisiae	SAMEA6853706							no					DTU Biosustain	ERA2632830		public	BEDEBD436E877235555DC9DA774B4B8E	7BD02B97782F472DFFA908DE5D8C541C		
ERX4137097	ERR4173542;ERR4173543;ERR4173544;ERR4173545	2021-03-24 11:13:10	2021-04-16 10:02:08	2492396	376278966	2492396	150	128		https://sra-downloadb.be-md.ncbi.nlm.nih.gov/sos1/sra-pub-zq-38/ERR004/4173/ERR4173545/ERR4173545.lite.1	Sample 23_p	RNA-Seq	PolyA	TRANSCRIPTOMIC	PAIRED	75	5	ILLUMINA	NextSeq 500	ERP121894	PRJEB38463		724164	ERS4581297	SAMEA6853707	simple	4932	Saccharomyces cerevisiae	SAMEA6853707							no					DTU Biosustain	ERA2632830		public	AB40FD2EF8214BCE61BDD19414FBD628	8F4841141D652DCE117802BF9C9446C3		
ERX4137098	ERR4173546;ERR4173547;ERR4173548;ERR4173549	2021-03-24 11:13:10	2021-04-13 05:06:32	2606966	393573378	2606966	150	136		https://sra-downloadb.be-md.ncbi.nlm.nih.gov/sos2/sra-pub-zq-18/ERR004/4173/ERR4173549/ERR4173549.lite.1	Sample 24_p	RNA-Seq	PolyA	TRANSCRIPTOMIC	PAIRED	75	5	ILLUMINA	NextSeq 500	ERP121894	PRJEB38463		724164	ERS4581298	SAMEA6853708	simple	4932	Saccharomyces cerevisiae	SAMEA6853708							no					DTU Biosustain	ERA2632830		public	0E023EFD5935DA2087E1AC7EEA964076	2D867410C4E634F93B1A1099E96F8FDF		
ERX4137099	ERR4173550;ERR4173551;ERR4173552;ERR4173553	2021-03-24 11:13:10	2021-04-16 10:01:52	2518709	380159062	2518709	150	130		https://sra-downloadb.be-md.ncbi.nlm.nih.gov/sos2/sra-pub-zq-18/ERR004/4173/ERR4173553/ERR4173553.lite.1	Sample 28_p	RNA-Seq	PolyA	TRANSCRIPTOMIC	PAIRED	75	5	ILLUMINA	NextSeq 500	ERP121894	PRJEB38463		724164	ERS4581299	SAMEA6853709	simple	4932	Saccharomyces cerevisiae	SAMEA6853709							no					DTU Biosustain	ERA2632830		public	0092CC5396B7379A2C0DD2113441B0F4	40F6E2A18EC250E6D42C6929993B3657		
ERX4137100	ERR4173554;ERR4173555;ERR4173556;ERR4173557	2021-03-24 11:13:10	2021-04-13 05:06:46	2552658	385271983	2552658	150	132		https://sra-downloadb.be-md.ncbi.nlm.nih.gov/sos2/sra-pub-zq-18/ERR004/4173/ERR4173557/ERR4173557.lite.1	Sample 29_p	RNA-Seq	PolyA	TRANSCRIPTOMIC	PAIRED	75	5	ILLUMINA	NextSeq 500	ERP121894	PRJEB38463		724164	ERS4581300	SAMEA6853710	simple	4932	Saccharomyces cerevisiae	SAMEA6853710							no					DTU Biosustain	ERA2632830		public	32E0700802B1C1042F2495725F50D913	63F642E55A831DBDCF408C4FB8A97847		
ERX4137101	ERR4173558;ERR4173559;ERR4173560;ERR4173561	2021-03-24 11:13:10	2021-04-16 10:01:51	2603511	392981477	2603511	150	135		https://sra-downloadb.be-md.ncbi.nlm.nih.gov/sos2/sra-pub-zq-18/ERR004/4173/ERR4173561/ERR4173561.lite.1	Sample 30_p	RNA-Seq	PolyA	TRANSCRIPTOMIC	PAIRED	75	5	ILLUMINA	NextSeq 500	ERP121894	PRJEB38463		724164	ERS4581301	SAMEA6853711	simple	4932	Saccharomyces cerevisiae	SAMEA6853711							no					DTU Biosustain	ERA2632830		public	351DBAEF86FFF595F161521FB2E8D364	A3DAB9080D8D6D089BA2F56711006C2C		
ERX4137102	ERR4173562;ERR4173563;ERR4173564;ERR4173565	2021-03-24 11:13:10	2021-04-13 05:05:57	2362300	356563540	2362300	150	123		https://sra-downloadb.be-md.ncbi.nlm.nih.gov/sos2/sra-pub-zq-18/ERR004/4173/ERR4173565/ERR4173565.lite.1	Sample 25_p	RNA-Seq	PolyA	TRANSCRIPTOMIC	PAIRED	75	5	ILLUMINA	NextSeq 500	ERP121894	PRJEB38463		724164	ERS4581302	SAMEA6853712	simple	4932	Saccharomyces cerevisiae	SAMEA6853712							no					DTU Biosustain	ERA2632830		public	7428AC2E58D76253B39D54B4AEDC5C18	7584FAC8BEE1362BA71EDA202D832BD0		
ERX4137103	ERR4173566;ERR4173567;ERR4173568;ERR4173569	2021-03-24 11:13:10	2021-04-13 05:06:29	2326180	351128156	2326180	150	119		https://sra-downloadb.be-md.ncbi.nlm.nih.gov/sos2/sra-pub-zq-18/ERR004/4173/ERR4173569/ERR4173569.lite.1	Sample 26_p	RNA-Seq	PolyA	TRANSCRIPTOMIC	PAIRED	75	5	ILLUMINA	NextSeq 500	ERP121894	PRJEB38463		724164	ERS4581303	SAMEA6853713	simple	4932	Saccharomyces cerevisiae	SAMEA6853713							no					DTU Biosustain	ERA2632830		public	E8DED416AB0EFB0651A7A2EA6CED8059	B811DEF7F307F388CA1D8D0F0D35D471		
ERX4137104	ERR4173570;ERR4173571;ERR4173572;ERR4173573	2021-03-24 11:13:10	2021-04-13 05:06:07	2488435	375579015	2488435	150	129		https://sra-downloadb.be-md.ncbi.nlm.nih.gov/sos2/sra-pub-zq-18/ERR004/4173/ERR4173573/ERR4173573.lite.1	Sample 27_p	RNA-Seq	PolyA	TRANSCRIPTOMIC	PAIRED	75	5	ILLUMINA	NextSeq 500	ERP121894	PRJEB38463		724164	ERS4581304	SAMEA6853714	simple	4932	Saccharomyces cerevisiae	SAMEA6853714							no					DTU Biosustain	ERA2632830		public	126B289314614D30AE4031CEBA59AEFE	373F564AF9739A5F6537557C5816FC53		
ERX4137105	ERR4173574;ERR4173575;ERR4173576;ERR4173577	2021-03-24 11:13:10	2021-04-13 05:06:27	2296857	346740340	2296857	150	121		https://sra-downloadb.be-md.ncbi.nlm.nih.gov/sos2/sra-pub-zq-18/ERR004/4173/ERR4173577/ERR4173577.lite.1	Sample 37_p	RNA-Seq	PolyA	TRANSCRIPTOMIC	PAIRED	75	5	ILLUMINA	NextSeq 500	ERP121894	PRJEB38463		724164	ERS4581305	SAMEA6853715	simple	4932	Saccharomyces cerevisiae	SAMEA6853715							no					DTU Biosustain	ERA2632830		public	3E2C0811BC0A877ECB4C8689A0BBEE24	A66FE1AA5A46D4E082484D845805B885		
ERX4137106	ERR4173578;ERR4173579;ERR4173580;ERR4173581	2021-03-24 11:13:10	2021-04-13 05:07:09	2439377	368249304	2439377	150	127		https://sra-downloadb.be-md.ncbi.nlm.nih.gov/sos2/sra-pub-zq-18/ERR004/4173/ERR4173581/ERR4173581.lite.1	Sample 38_p	RNA-Seq	PolyA	TRANSCRIPTOMIC	PAIRED	75	5	ILLUMINA	NextSeq 500	ERP121894	PRJEB38463		724164	ERS4581306	SAMEA6853716	simple	4932	Saccharomyces cerevisiae	SAMEA6853716							no					DTU Biosustain	ERA2632830		public	4EA6A872481ED5A48F4BB4BC2B180CC9	F2E7DF844281EC35EC8EA928F07F5DC9		
ERX4137107	ERR4173582;ERR4173583;ERR4173584;ERR4173585	2021-03-24 11:13:10	2021-04-13 05:07:12	2433212	367324130	2433212	150	127		https://sra-downloadb.be-md.ncbi.nlm.nih.gov/sos2/sra-pub-zq-18/ERR004/4173/ERR4173585/ERR4173585.lite.1	Sample 39_p	RNA-Seq	PolyA	TRANSCRIPTOMIC	PAIRED	75	5	ILLUMINA	NextSeq 500	ERP121894	PRJEB38463		724164	ERS4581307	SAMEA6853717	simple	4932	Saccharomyces cerevisiae	SAMEA6853717							no					DTU Biosustain	ERA2632830		public	BFFA90199A75367D8CF0FBAFE70710BC	0514AB6F595245E81C9EDDB10A3B697A		
ERX4137108	ERR4173586;ERR4173587;ERR4173588;ERR4173589	2021-03-24 11:13:10	2021-04-13 05:07:12	2407903	363482308	2407903	150	125		https://sra-downloadb.be-md.ncbi.nlm.nih.gov/sos2/sra-pub-zq-18/ERR004/4173/ERR4173589/ERR4173589.lite.1	Sample 40_p	RNA-Seq	PolyA	TRANSCRIPTOMIC	PAIRED	75	5	ILLUMINA	NextSeq 500	ERP121894	PRJEB38463		724164	ERS4581308	SAMEA6853718	simple	4932	Saccharomyces cerevisiae	SAMEA6853718							no					DTU Biosustain	ERA2632830		public	B964EB84A0ADBFC31BCDE573742D26C2	756D7F1B543EF829D0485F9C937304EB		
ERX4137109	ERR4173590;ERR4173591;ERR4173592;ERR4173593	2021-03-24 11:13:10	2021-04-13 05:07:09	2463999	371968531	2463999	150	128		https://sra-downloadb.be-md.ncbi.nlm.nih.gov/sos2/sra-pub-zq-18/ERR004/4173/ERR4173593/ERR4173593.lite.1	Sample 41_p	RNA-Seq	PolyA	TRANSCRIPTOMIC	PAIRED	75	5	ILLUMINA	NextSeq 500	ERP121894	PRJEB38463		724164	ERS4581309	SAMEA6853719	simple	4932	Saccharomyces cerevisiae	SAMEA6853719							no					DTU Biosustain	ERA2632830		public	8EEF0BA43DE2A23B62AC1C148E7729D0	0CEA8671F6F20EFB26BDDFA6BEDA6A6A		
ERX4137110	ERR4173594;ERR4173595;ERR4173596;ERR4173597	2021-03-24 11:13:10	2021-04-13 05:07:06	2460529	371408843	2460529	150	129		https://sra-downloadb.be-md.ncbi.nlm.nih.gov/sos2/sra-pub-zq-18/ERR004/4173/ERR4173597/ERR4173597.lite.1	Sample 42_p	RNA-Seq	PolyA	TRANSCRIPTOMIC	PAIRED	75	5	ILLUMINA	NextSeq 500	ERP121894	PRJEB38463		724164	ERS4581310	SAMEA6853720	simple	4932	Saccharomyces cerevisiae	SAMEA6853720							no					DTU Biosustain	ERA2632830		public	A129F1AD28478AB54368AD61B87F214F	7771FF51BA2B8A4D981EFB3B34F22842		
ERX4137111	ERR4173598;ERR4173599;ERR4173600;ERR4173601	2021-03-24 11:25:07	2021-04-13 05:07:13	2634645	397712543	2634645	150	135		https://sra-downloadb.be-md.ncbi.nlm.nih.gov/sos2/sra-pub-zq-18/ERR004/4173/ERR4173601/ERR4173601.lite.1	Sample 4_p	RNA-Seq	PolyA	TRANSCRIPTOMIC	PAIRED	75	5	ILLUMINA	NextSeq 500	ERP121894	PRJEB38463		724164	ERS4581311	SAMEA6853721	simple	4932	Saccharomyces cerevisiae	SAMEA6853721							no					DTU Biosustain	ERA2632830		public	8391F88BCC88FE09071D383AEF16640F	E965586325F77D2CFC15270996DBA19D		
ERX4137112	ERR4173602;ERR4173603;ERR4173604;ERR4173605	2021-03-24 11:25:07	2021-04-13 05:07:19	2520587	380494961	2520587	150	130		https://sra-downloadb.be-md.ncbi.nlm.nih.gov/sos2/sra-pub-zq-18/ERR004/4173/ERR4173605/ERR4173605.lite.1	Sample 5_p	RNA-Seq	PolyA	TRANSCRIPTOMIC	PAIRED	75	5	ILLUMINA	NextSeq 500	ERP121894	PRJEB38463		724164	ERS4581312	SAMEA6853722	simple	4932	Saccharomyces cerevisiae	SAMEA6853722							no					DTU Biosustain	ERA2632830		public	D1E3E7D74CDA13D1C4AC6C74425680A0	335D7C8524F04AD74DB7E7F1FFC9A8D4		
ERX4137113	ERR4173606;ERR4173607;ERR4173608;ERR4173609	2021-03-24 11:25:07	2021-04-13 05:07:42	2492497	376245164	2492497	150	128		https://sra-downloadb.be-md.ncbi.nlm.nih.gov/sos2/sra-pub-zq-18/ERR004/4173/ERR4173609/ERR4173609.lite.1	Sample 6_p	RNA-Seq	PolyA	TRANSCRIPTOMIC	PAIRED	75	5	ILLUMINA	NextSeq 500	ERP121894	PRJEB38463		724164	ERS4581313	SAMEA6853723	simple	4932	Saccharomyces cerevisiae	SAMEA6853723							no					DTU Biosustain	ERA2632830		public	AD48001DD9DB39F1CF0C454704F4C20C	73284A78017E5E70F39C63556D65FF3D		
ERX4137114	ERR4173610;ERR4173611;ERR4173612;ERR4173613	2021-03-24 11:25:07	2021-04-13 05:07:13	2181856	329385593	2181856	150	112		https://sra-downloadb.be-md.ncbi.nlm.nih.gov/sos2/sra-pub-zq-18/ERR004/4173/ERR4173613/ERR4173613.lite.1	Sample 1_p	RNA-Seq	PolyA	TRANSCRIPTOMIC	PAIRED	75	5	ILLUMINA	NextSeq 500	ERP121894	PRJEB38463		724164	ERS4581314	SAMEA6853724	simple	4932	Saccharomyces cerevisiae	SAMEA6853724							no					DTU Biosustain	ERA2632830		public	27326A7A89BD0B16E04740DEBE2C5BAD	3A744074B4B229DEEA3326B11A72C0EC		
ERX4137115	ERR4173614;ERR4173615;ERR4173616;ERR4173617	2021-03-24 11:25:07	2021-04-13 05:07:19	2388449	360572160	2388449	150	124		https://sra-downloadb.be-md.ncbi.nlm.nih.gov/sos2/sra-pub-zq-18/ERR004/4173/ERR4173617/ERR4173617.lite.1	Sample 2_p	RNA-Seq	PolyA	TRANSCRIPTOMIC	PAIRED	75	5	ILLUMINA	NextSeq 500	ERP121894	PRJEB38463		724164	ERS4581315	SAMEA6853725	simple	4932	Saccharomyces cerevisiae	SAMEA6853725							no					DTU Biosustain	ERA2632830		public	BB44A108D205003B5740B7CB6994FAF1	65BB435A28AD3B61DD0C5C6BA011B8CB		
ERX4137116	ERR4173618;ERR4173619;ERR4173620;ERR4173621	2021-03-24 11:30:05	2021-04-13 05:07:20	2401709	362587483	2401709	150	124		https://sra-downloadb.be-md.ncbi.nlm.nih.gov/sos2/sra-pub-zq-18/ERR004/4173/ERR4173621/ERR4173621.lite.1	Sample 3_p	RNA-Seq	PolyA	TRANSCRIPTOMIC	PAIRED	75	5	ILLUMINA	NextSeq 500	ERP121894	PRJEB38463		724164	ERS4581316	SAMEA6853726	simple	4932	Saccharomyces cerevisiae	SAMEA6853726							no					DTU Biosustain	ERA2632830		public	CA6435E08250DF6A8BDD6BF190C3E23B	3FEDFCA576EC25D99F0541134AB3C623		
ERX4137117	ERR4173622;ERR4173623;ERR4173624;ERR4173625	2021-03-24 10:37:15	2021-04-13 05:08:01	2550360	385026549	2550360	150	131		https://sra-downloadb.be-md.ncbi.nlm.nih.gov/sos2/sra-pub-zq-18/ERR004/4173/ERR4173625/ERR4173625.lite.1	Sample 7_p	RNA-Seq	PolyA	TRANSCRIPTOMIC	PAIRED	75	5	ILLUMINA	NextSeq 500	ERP121894	PRJEB38463		724164	ERS4581317	SAMEA6853727	simple	4932	Saccharomyces cerevisiae	SAMEA6853727							no					DTU Biosustain	ERA2632830		public	8A8DC757DE0A54C566D14A34C215C7B4	5EAFFA462B5F5A7B03CE09983C07F66C		
ERX4137118	ERR4173626;ERR4173627;ERR4173628;ERR4173629	2021-03-24 10:37:15	2021-04-13 05:07:47	2454668	370586129	2454668	150	127		https://sra-downloadb.be-md.ncbi.nlm.nih.gov/sos2/sra-pub-zq-18/ERR004/4173/ERR4173629/ERR4173629.lite.1	Sample 8_p	RNA-Seq	PolyA	TRANSCRIPTOMIC	PAIRED	75	5	ILLUMINA	NextSeq 500	ERP121894	PRJEB38463		724164	ERS4581318	SAMEA6853728	simple	4932	Saccharomyces cerevisiae	SAMEA6853728							no					DTU Biosustain	ERA2632830		public	575145D2F5B897EA6CF171130185BEF1	38BEA0BAE79C5B4C999F1C4CC253C33E		
ERX4137119	ERR4173630;ERR4173631;ERR4173632;ERR4173633	2021-03-24 10:37:15	2021-04-13 05:08:35	2379515	359212814	2379515	150	123		https://sra-downloadb.be-md.ncbi.nlm.nih.gov/sos2/sra-pub-zq-18/ERR004/4173/ERR4173633/ERR4173633.lite.1	Sample 9_p	RNA-Seq	PolyA	TRANSCRIPTOMIC	PAIRED	75	5	ILLUMINA	NextSeq 500	ERP121894	PRJEB38463		724164	ERS4581319	SAMEA6853729	simple	4932	Saccharomyces cerevisiae	SAMEA6853729							no					DTU Biosustain	ERA2632830		public	8C4DEF0346AEF1CA7A68852C9BC6DD50	CC88E026843B29A9EB1C4880722810A3		
ERX4137120	ERR4173634;ERR4173635;ERR4173636;ERR4173637	2021-03-24 10:37:15	2021-04-13 05:07:45	2356331	355754678	2356331	150	122		https://sra-downloadb.be-md.ncbi.nlm.nih.gov/sos2/sra-pub-zq-18/ERR004/4173/ERR4173637/ERR4173637.lite.1	Sample 10_p	RNA-Seq	PolyA	TRANSCRIPTOMIC	PAIRED	75	5	ILLUMINA	NextSeq 500	ERP121894	PRJEB38463		724164	ERS4581320	SAMEA6853730	simple	4932	Saccharomyces cerevisiae	SAMEA6853730							no					DTU Biosustain	ERA2632830		public	407F07780A7347944F42D5C58984A2CE	8403DC45908ABAF78BB30370B09700A4		
ERX4137121	ERR4173638;ERR4173639;ERR4173640;ERR4173641	2021-03-24 10:37:15	2021-04-13 05:08:13	2412233	364209329	2412233	150	125		https://sra-downloadb.be-md.ncbi.nlm.nih.gov/sos2/sra-pub-zq-18/ERR004/4173/ERR4173641/ERR4173641.lite.1	Sample 11_p	RNA-Seq	PolyA	TRANSCRIPTOMIC	PAIRED	75	5	ILLUMINA	NextSeq 500	ERP121894	PRJEB38463		724164	ERS4581321	SAMEA6853731	simple	4932	Saccharomyces cerevisiae	SAMEA6853731							no					DTU Biosustain	ERA2632830		public	8B249ABC5EE3A13F97C53C1092374261	A4595241BB0680019C7A2886842976CA		
ERX4137122	ERR4173642;ERR4173643;ERR4173644;ERR4173645	2021-03-24 10:37:15	2021-04-13 05:08:33	2366218	357242195	2366218	150	122		https://sra-downloadb.be-md.ncbi.nlm.nih.gov/sos1/sra-pub-zq-38/ERR004/4173/ERR4173645/ERR4173645.lite.1	Sample 12_p	RNA-Seq	PolyA	TRANSCRIPTOMIC	PAIRED	75	5	ILLUMINA	NextSeq 500	ERP121894	PRJEB38463		724164	ERS4581322	SAMEA6853732	simple	4932	Saccharomyces cerevisiae	SAMEA6853732							no					DTU Biosustain	ERA2632830		public	69D2BB227DD6E0EA97FF9BC7C753F893	B7F0E33AF637C813827629A93161C83C		
ERX4137123	ERR4173646;ERR4173647;ERR4173648;ERR4173649	2021-03-24 10:37:16	2021-04-13 05:07:51	2413902	364450517	2413902	150	129		https://sra-downloadb.be-md.ncbi.nlm.nih.gov/sos1/sra-pub-zq-38/ERR004/4173/ERR4173649/ERR4173649.lite.1	Sample 13_p	RNA-Seq	PolyA	TRANSCRIPTOMIC	PAIRED	75	5	ILLUMINA	NextSeq 500	ERP121894	PRJEB38463		724164	ERS4581323	SAMEA6853733	simple	4932	Saccharomyces cerevisiae	SAMEA6853733							no					DTU Biosustain	ERA2632830		public	7ADD9FB9524668EC020896AEFA601B3F	7B6C3ADBBA41F77EDE747ACA83323F61		
ERX4137124	ERR4173650;ERR4173651;ERR4173652;ERR4173653	2021-03-24 15:21:51	2021-04-14 19:02:07	2503105	377900565	2503105	150	129		https://sra-downloadb.be-md.ncbi.nlm.nih.gov/sos2/sra-pub-zq-18/ERR004/4173/ERR4173653/ERR4173653.lite.1	Sample 14_p	RNA-Seq	PolyA	TRANSCRIPTOMIC	PAIRED	75	5	ILLUMINA	NextSeq 500	ERP121894	PRJEB38463		724164	ERS4581324	SAMEA6853734	simple	4932	Saccharomyces cerevisiae	SAMEA6853734							no					DTU Biosustain	ERA2632830		public	78621F5C880F9B4E12659C1EB3D5653B	2B998E8E0823F74858A9D47FB4A37CF7		
ERX4137125	ERR4173654;ERR4173655;ERR4173656;ERR4173657	2021-03-24 10:37:16	2021-04-13 05:09:06	2358019	355987916	2358019	150	124		https://sra-downloadb.be-md.ncbi.nlm.nih.gov/sos1/sra-pub-zq-38/ERR004/4173/ERR4173657/ERR4173657.lite.1	Sample 15_p	RNA-Seq	PolyA	TRANSCRIPTOMIC	PAIRED	75	5	ILLUMINA	NextSeq 500	ERP121894	PRJEB38463		724164	ERS4581325	SAMEA6853735	simple	4932	Saccharomyces cerevisiae	SAMEA6853735							no					DTU Biosustain	ERA2632830		public	B8F45F210C2B8086BA9C3824A6ECECBA	CEC928A5A1EBC26FA37B5D4EE0629CF9		
ERX4137126	ERR4173658;ERR4173659;ERR4173660;ERR4173661	2021-03-24 10:37:16	2021-04-13 05:08:57	2493329	376385710	2493329	150	130		https://sra-downloadb.be-md.ncbi.nlm.nih.gov/sos1/sra-pub-zq-38/ERR004/4173/ERR4173661/ERR4173661.lite.1	Sample 16_p	RNA-Seq	PolyA	TRANSCRIPTOMIC	PAIRED	75	5	ILLUMINA	NextSeq 500	ERP121894	PRJEB38463		724164	ERS4581326	SAMEA6853736	simple	4932	Saccharomyces cerevisiae	SAMEA6853736							no					DTU Biosustain	ERA2632830		public	1EC4811486620525735B5B275CE01D06	6E8D94AAC4D21DC16813D4465BDC8478		
ERX4137127	ERR4173662;ERR4173663;ERR4173664;ERR4173665	2021-03-24 10:37:16	2021-04-13 05:08:59	2283922	344808469	2283922	150	120		https://sra-downloadb.be-md.ncbi.nlm.nih.gov/sos1/sra-pub-zq-38/ERR004/4173/ERR4173665/ERR4173665.lite.1	Sample 17_p	RNA-Seq	PolyA	TRANSCRIPTOMIC	PAIRED	75	5	ILLUMINA	NextSeq 500	ERP121894	PRJEB38463		724164	ERS4581327	SAMEA6853737	simple	4932	Saccharomyces cerevisiae	SAMEA6853737							no					DTU Biosustain	ERA2632830		public	D57A70B2D86B3C02659FCA0727F9E1C3	FD151F386D650EDB38ADA48A8A618625		
ERX4137128	ERR4173666;ERR4173667;ERR4173668;ERR4173669	2021-03-24 10:37:16	2021-04-13 05:09:05	2314599	349441823	2314599	150	120		https://sra-downloadb.be-md.ncbi.nlm.nih.gov/sos1/sra-pub-zq-38/ERR004/4173/ERR4173669/ERR4173669.lite.1	Sample 18_p	RNA-Seq	PolyA	TRANSCRIPTOMIC	PAIRED	75	5	ILLUMINA	NextSeq 500	ERP121894	PRJEB38463		724164	ERS4581328	SAMEA6853738	simple	4932	Saccharomyces cerevisiae	SAMEA6853738							no					DTU Biosustain	ERA2632830		public	C33A92DD530778F6D44083F8E520CE84	AC56DBF633ADD6BD49117098F9C7B816		
ERX4137129	ERR4173670;ERR4173671;ERR4173672;ERR4173673	2021-03-24 10:37:16	2021-04-13 05:09:02	2271238	342924163	2271238	150	122		https://sra-downloadb.be-md.ncbi.nlm.nih.gov/sos1/sra-pub-zq-38/ERR004/4173/ERR4173673/ERR4173673.lite.1	Sample 19_p	RNA-Seq	PolyA	TRANSCRIPTOMIC	PAIRED	75	5	ILLUMINA	NextSeq 500	ERP121894	PRJEB38463		724164	ERS4581329	SAMEA6853739	simple	4932	Saccharomyces cerevisiae	SAMEA6853739							no					DTU Biosustain	ERA2632830		public	404BE818655705A4DBD2624A5DC81005	9F6B710F63E5953EAF26E1AA517C1C29		
ERX4137130	ERR4173674;ERR4173675;ERR4173676;ERR4173677	2021-03-24 10:37:16	2021-04-13 05:08:49	2413416	364370870	2413416	150	128		https://sra-downloadb.be-md.ncbi.nlm.nih.gov/sos1/sra-pub-zq-38/ERR004/4173/ERR4173677/ERR4173677.lite.1	Sample 20_p	RNA-Seq	PolyA	TRANSCRIPTOMIC	PAIRED	75	5	ILLUMINA	NextSeq 500	ERP121894	PRJEB38463		724164	ERS4581330	SAMEA6853740	simple	4932	Saccharomyces cerevisiae	SAMEA6853740							no					DTU Biosustain	ERA2632830		public	5C9FC0AF3368D1C1FAF76156AA0341C1	D92C71EC6774A4E51ED80F3301E82805		
ERX4137131	ERR4173678;ERR4173679;ERR4173680;ERR4173681	2021-03-24 10:37:16	2021-04-13 05:09:17	2460889	371512331	2460889	150	129		https://sra-downloadb.be-md.ncbi.nlm.nih.gov/sos1/sra-pub-zq-38/ERR004/4173/ERR4173681/ERR4173681.lite.1	Sample 21_p	RNA-Seq	PolyA	TRANSCRIPTOMIC	PAIRED	75	5	ILLUMINA	NextSeq 500	ERP121894	PRJEB38463		724164	ERS4581331	SAMEA6853741	simple	4932	Saccharomyces cerevisiae	SAMEA6853741							no					DTU Biosustain	ERA2632830		public	66D400F7C5DC345D7C37E557E78E3C17	AC25DD76F9B7FEE4F497FEAB5892FAAF		
ERX4137132	ERR4173682;ERR4173683;ERR4173684;ERR4173685	2021-03-24 10:37:16	2021-04-13 05:09:21	2526978	381398450	2526978	150	132		https://sra-downloadb.be-md.ncbi.nlm.nih.gov/sos1/sra-pub-zq-38/ERR004/4173/ERR4173685/ERR4173685.lite.1	Sample 31_p	RNA-Seq	PolyA	TRANSCRIPTOMIC	PAIRED	75	5	ILLUMINA	NextSeq 500	ERP121894	PRJEB38463		724164	ERS4581332	SAMEA6853742	simple	4932	Saccharomyces cerevisiae	SAMEA6853742							no					DTU Biosustain	ERA2632830		public	87164A7CB5CD01A4AFD881AB6BF6A649	E3B4506F59046644314F96FE2642C5EB		
ERX4137133	ERR4173686;ERR4173687;ERR4173688;ERR4173689	2021-03-24 10:37:16	2021-04-13 05:10:04	2517980	380093566	2517980	150	131		https://sra-downloadb.be-md.ncbi.nlm.nih.gov/sos1/sra-pub-zq-38/ERR004/4173/ERR4173689/ERR4173689.lite.1	Sample 32_p	RNA-Seq	PolyA	TRANSCRIPTOMIC	PAIRED	75	5	ILLUMINA	NextSeq 500	ERP121894	PRJEB38463		724164	ERS4581333	SAMEA6853743	simple	4932	Saccharomyces cerevisiae	SAMEA6853743							no					DTU Biosustain	ERA2632830		public	B04A5EBB9970DB9C99B8D0EF48B4B5EA	5FDE5C9EA3CBC36A507C3C7989419986		
ERX4137134	ERR4173690;ERR4173691;ERR4173692;ERR4173693	2021-03-24 10:37:16	2021-04-13 05:10:21	2267593	342347410	2267593	150	119		https://sra-downloadb.be-md.ncbi.nlm.nih.gov/sos1/sra-pub-zq-38/ERR004/4173/ERR4173693/ERR4173693.lite.1	Sample 33_p	RNA-Seq	PolyA	TRANSCRIPTOMIC	PAIRED	75	5	ILLUMINA	NextSeq 500	ERP121894	PRJEB38463		724164	ERS4581334	SAMEA6853744	simple	4932	Saccharomyces cerevisiae	SAMEA6853744							no					DTU Biosustain	ERA2632830		public	200AB31A9F929999B8E6E8BBB47E6BFE	4CE9E2286FA419A72D60DDC13FA7CE02		
ERX4137135	ERR4173694;ERR4173695;ERR4173696;ERR4173697	2021-03-24 10:37:16	2021-04-13 05:09:14	2308703	348509969	2308703	150	119		https://sra-downloadb.be-md.ncbi.nlm.nih.gov/sos1/sra-pub-zq-38/ERR004/4173/ERR4173697/ERR4173697.lite.1	Sample 34_p	RNA-Seq	PolyA	TRANSCRIPTOMIC	PAIRED	75	5	ILLUMINA	NextSeq 500	ERP121894	PRJEB38463		724164	ERS4581335	SAMEA6853745	simple	4932	Saccharomyces cerevisiae	SAMEA6853745							no					DTU Biosustain	ERA2632830		public	BD0470C5B9D2E1246B1FE096175FAA3D	29F6D62E24EC55066537FF1C5A9C9F22		
ERX4137136	ERR4173698;ERR4173699;ERR4173700;ERR4173701	2021-03-24 10:37:16	2021-04-13 05:09:49	2388540	360535536	2388540	150	125		https://sra-downloadb.be-md.ncbi.nlm.nih.gov/sos1/sra-pub-zq-38/ERR004/4173/ERR4173701/ERR4173701.lite.1	Sample 35_p	RNA-Seq	PolyA	TRANSCRIPTOMIC	PAIRED	75	5	ILLUMINA	NextSeq 500	ERP121894	PRJEB38463		724164	ERS4581336	SAMEA6853746	simple	4932	Saccharomyces cerevisiae	SAMEA6853746							no					DTU Biosustain	ERA2632830		public	71FDF38B00ECA0534CB3420279323370	E638F9028C0EDA46D29B9FBAA1E369DA		
ERX4137137	ERR4173702;ERR4173703;ERR4173704;ERR4173705	2021-03-24 10:18:02	2021-04-13 05:10:00	2432774	367243756	2432774	150	128		https://sra-downloadb.be-md.ncbi.nlm.nih.gov/sos1/sra-pub-zq-38/ERR004/4173/ERR4173705/ERR4173705.lite.1	Sample 36_p	RNA-Seq	PolyA	TRANSCRIPTOMIC	PAIRED	75	5	ILLUMINA	NextSeq 500	ERP121894	PRJEB38463		724164	ERS4581337	SAMEA6853747	simple	4932	Saccharomyces cerevisiae	SAMEA6853747							no					DTU Biosustain	ERA2632830		public	07D398902D0DD80869F95808ABE83504	3D1CE312297922BE94C619FA193EDBD5		
SRX5714162	SRR8933539	2019-08-31 00:34:48	2019-04-20 04:50:19	7218765	1088823997	7218765	150	413		https://sra-downloadb.be-md.ncbi.nlm.nih.gov/sos5/sra-pub-zq-14/SRR008/933/SRR8933539.sralite.1	SCElowPH3	RNA-Seq	PolyA	TRANSCRIPTOMIC	PAIRED	0	0	ILLUMINA	NextSeq 500	SRP193133	PRJNA531619		531619	SRS4652583	SAMN11465558	simple	4932	Saccharomyces cerevisiae	SCElowPH3							no					CHALMERS UNIVERSITY	SRA877573		public	7A709C61BB25D354724F81819714B0B4	AFAFD4D18800A8E03B047E64A5D4D7B3		
SRX5714163	SRR8933538	2019-08-31 00:34:49	2019-04-20 04:50:35	8463668	1276648622	8463668	150	474		https://sra-downloadb.be-md.ncbi.nlm.nih.gov/sos5/sra-pub-zq-14/SRR008/933/SRR8933538.sralite.1	SCEkcl1	RNA-Seq	PolyA	TRANSCRIPTOMIC	PAIRED	0	0	ILLUMINA	NextSeq 500	SRP193133	PRJNA531619		531619	SRS4652584	SAMN11465559	simple	4932	Saccharomyces cerevisiae	SCEkcl1							no					CHALMERS UNIVERSITY	SRA877573		public	253F08E442300088BEA472B28887C244	0D65E38558DABFDAAB0ACE9A0B7B361D		
SRX5714164	SRR8933537	2019-08-31 00:34:49	2019-04-20 04:50:29	7821325	1180207094	7821325	150	445		https://sra-downloadb.be-md.ncbi.nlm.nih.gov/sos5/sra-pub-zq-14/SRR008/933/SRR8933537.sralite.1	SCEstan1	RNA-Seq	PolyA	TRANSCRIPTOMIC	PAIRED	0	0	ILLUMINA	NextSeq 500	SRP193133	PRJNA531619		531619	SRS4652585	SAMN11465550	simple	4932	Saccharomyces cerevisiae	SCEstan1							no					CHALMERS UNIVERSITY	SRA877573		public	5020658BAFA530378AF401D9DF7A53B1	34AE2081B74549C8C90A046765967687		
SRX5714165	SRR8933536	2019-08-31 00:34:49	2019-04-20 04:50:47	8485968	1280441957	8485968	150	473		https://sra-downloadb.be-md.ncbi.nlm.nih.gov/sos5/sra-pub-zq-14/SRR008/933/SRR8933536.sralite.1	SCEstan2	RNA-Seq	PolyA	TRANSCRIPTOMIC	PAIRED	0	0	ILLUMINA	NextSeq 500	SRP193133	PRJNA531619		531619	SRS4652587	SAMN11465551	simple	4932	Saccharomyces cerevisiae	SCEstan2							no					CHALMERS UNIVERSITY	SRA877573		public	281CB79DC0DAA4AD684FAF528292400E	1221687EF94D9A2959625DFFFFAFE7F4		
SRX5714166	SRR8933535	2019-08-31 00:34:49	2019-04-20 04:50:49	8389148	1266230475	8389148	150	477		https://sra-downloadb.be-md.ncbi.nlm.nih.gov/sos5/sra-pub-zq-14/SRR008/933/SRR8933535.sralite.1	SCEstan3	RNA-Seq	PolyA	TRANSCRIPTOMIC	PAIRED	0	0	ILLUMINA	NextSeq 500	SRP193133	PRJNA531619		531619	SRS4652586	SAMN11465552	simple	4932	Saccharomyces cerevisiae	SCEstan3							no					CHALMERS UNIVERSITY	SRA877573		public	207AAE1A11C457700C1AAFA80CCA8A85	18A10B387F42191F8AD923578708A6B5		
SRX5714167	SRR8933534	2019-08-31 00:34:49	2019-04-20 04:50:13	8359917	1261297182	8359917	150	466		https://sra-downloadb.be-md.ncbi.nlm.nih.gov/sos5/sra-pub-zq-14/SRR008/933/SRR8933534.sralite.1	SCEhightemp1	RNA-Seq	PolyA	TRANSCRIPTOMIC	PAIRED	0	0	ILLUMINA	NextSeq 500	SRP193133	PRJNA531619		531619	SRS4652588	SAMN11465553	simple	4932	Saccharomyces cerevisiae	SCEhightemp1							no					CHALMERS UNIVERSITY	SRA877573		public	AE2858B19AEFD446F4B3AEB1B3D348B8	65F76481185409E16F1226857A20C646		
SRX5714168	SRR8933533	2019-08-31 00:34:49	2019-04-20 04:50:20	8422191	1271016668	8422191	150	471		https://sra-downloadb.be-md.ncbi.nlm.nih.gov/sos5/sra-pub-zq-14/SRR008/933/SRR8933533.sralite.1	SCEhightemp2	RNA-Seq	PolyA	TRANSCRIPTOMIC	PAIRED	0	0	ILLUMINA	NextSeq 500	SRP193133	PRJNA531619		531619	SRS4652589	SAMN11465554	simple	4932	Saccharomyces cerevisiae	SCEhightemp2							no					CHALMERS UNIVERSITY	SRA877573		public	033B9A0BD0D9A3A3663AB2A22698D1B5	81613DC8A6C542E14E05939DA182ABA8		
SRX5714169	SRR8933532	2019-08-31 00:34:49	2019-04-20 04:50:10	7897515	1192182557	7897515	150	448		https://sra-downloadb.be-md.ncbi.nlm.nih.gov/sos5/sra-pub-zq-14/SRR008/933/SRR8933532.sralite.1	SCEhightemp3	RNA-Seq	PolyA	TRANSCRIPTOMIC	PAIRED	0	0	ILLUMINA	NextSeq 500	SRP193133	PRJNA531619		531619	SRS4652590	SAMN11465555	simple	4932	Saccharomyces cerevisiae	SCEhightemp3							no					CHALMERS UNIVERSITY	SRA877573		public	5A4652F83C91E35E72E656B3F59B62AE	883F0A893925A5D9C64BD04A3C69171D		
SRX5714170	SRR8933531	2019-08-31 00:34:49	2019-04-20 04:50:29	8779792	1324043342	8779792	150	498		https://sra-downloadb.be-md.ncbi.nlm.nih.gov/sos5/sra-pub-zq-14/SRR008/933/SRR8933531.sralite.1	SCElowPH1	RNA-Seq	PolyA	TRANSCRIPTOMIC	PAIRED	0	0	ILLUMINA	NextSeq 500	SRP193133	PRJNA531619		531619	SRS4652591	SAMN11465556	simple	4932	Saccharomyces cerevisiae	SCElowPH1							no					CHALMERS UNIVERSITY	SRA877573		public	7E061DD1668D97E187D057BA29E51D08	CB8064921657BCB424236EFD23DB8747		
SRX5714171	SRR8933530	2019-08-31 00:34:49	2019-04-20 04:50:15	7419157	1118993934	7419157	150	421		https://sra-downloadb.be-md.ncbi.nlm.nih.gov/sos5/sra-pub-zq-14/SRR008/933/SRR8933530.sralite.1	SCElowPH2	RNA-Seq	PolyA	TRANSCRIPTOMIC	PAIRED	0	0	ILLUMINA	NextSeq 500	SRP193133	PRJNA531619		531619	SRS4652592	SAMN11465557	simple	4932	Saccharomyces cerevisiae	SCElowPH2							no					CHALMERS UNIVERSITY	SRA877573		public	7C3C06EBD51FF9DD26FBDB6656FE8233	01C6392DE8EED8DB5CB016FBF0D4998D		
SRX5714189	SRR8933512	2019-08-31 00:34:49	2019-04-20 04:49:59	7729208	1166175384	7729208	150	435		https://sra-downloadb.be-md.ncbi.nlm.nih.gov/sos5/sra-pub-zq-14/SRR008/933/SRR8933512.sralite.1	SCEanaer1	RNA-Seq	PolyA	TRANSCRIPTOMIC	PAIRED	0	0	ILLUMINA	NextSeq 500	SRP193133	PRJNA531619		531619	SRS4652610	SAMN11465562	simple	4932	Saccharomyces cerevisiae	SCEanaer1							no					CHALMERS UNIVERSITY	SRA877573		public	7C4BD20F34BF4C7F31EA6B210486A9E1	4160492E2B31A50CC215EE9F3D84EB27		
SRX5714190	SRR8933511	2019-08-31 00:34:49	2019-04-20 04:50:38	8484354	1280326677	8484354	150	479		https://sra-downloadb.be-md.ncbi.nlm.nih.gov/sos5/sra-pub-zq-14/SRR008/933/SRR8933511.sralite.1	SCEanaer2	RNA-Seq	PolyA	TRANSCRIPTOMIC	PAIRED	0	0	ILLUMINA	NextSeq 500	SRP193133	PRJNA531619		531619	SRS4652611	SAMN11465563	simple	4932	Saccharomyces cerevisiae	SCEanaer2							no					CHALMERS UNIVERSITY	SRA877573		public	4B54CE48A26D20A31BDA2749D652CC15	36EA26F11A264F4542E321F869E7372A		
SRX5714191	SRR8933510	2019-08-31 00:34:49	2019-04-20 04:50:01	7961374	1201626507	7961374	150	450		https://sra-downloadb.be-md.ncbi.nlm.nih.gov/sos5/sra-pub-zq-14/SRR008/933/SRR8933510.sralite.1	SCEkcl2	RNA-Seq	PolyA	TRANSCRIPTOMIC	PAIRED	0	0	ILLUMINA	NextSeq 500	SRP193133	PRJNA531619		531619	SRS4652612	SAMN11465560	simple	4932	Saccharomyces cerevisiae	SCEkcl2							no					CHALMERS UNIVERSITY	SRA877573		public	4CDDB826210A921F230073A64A397F7B	B6C0BCF6D4090ACB6FA22BF1C5E1B58C		
SRX5714192	SRR8933509	2019-08-31 00:34:49	2019-04-20 04:50:00	7847662	1184242094	7847662	150	440		https://sra-downloadb.be-md.ncbi.nlm.nih.gov/sos5/sra-pub-zq-14/SRR008/933/SRR8933509.sralite.1	SCEkcl3	RNA-Seq	PolyA	TRANSCRIPTOMIC	PAIRED	0	0	ILLUMINA	NextSeq 500	SRP193133	PRJNA531619		531619	SRS4652613	SAMN11465561	simple	4932	Saccharomyces cerevisiae	SCEkcl3							no					CHALMERS UNIVERSITY	SRA877573		public	8A50CE8BEE5921A6DDED033E5E2AD136	BE65AA76248D4B444E0B47347DE27375		
SRX5714195	SRR8933506	2019-08-31 00:34:49	2019-04-20 04:49:36	7820071	1180022284	7820071	150	446		https://sra-downloadb.be-md.ncbi.nlm.nih.gov/sos5/sra-pub-zq-14/SRR008/933/SRR8933506.sralite.1	SCEanaer3	RNA-Seq	PolyA	TRANSCRIPTOMIC	PAIRED	0	0	ILLUMINA	NextSeq 500	SRP193133	PRJNA531619		531619	SRS4652616	SAMN11465564	simple	4932	Saccharomyces cerevisiae	SCEanaer3							no					CHALMERS UNIVERSITY	SRA877573		public	9072E653BCF1C9E7503BC7E6B47092A3	A0104BB498573FE2599BF2DA9F8D5EA3		
SRX7296045	SRR10616896	2020-07-31 00:17:55	2019-12-10 11:54:03	8822598	1331588193	8822598	150	493		https://sra-downloadb.be-md.ncbi.nlm.nih.gov/sos5/sra-pub-zq-16/SRR010/10616/SRR10616896/SRR10616896.lite.1	WT-1_Glucose	RNA-Seq	Oligo-dT	TRANSCRIPTOMIC	PAIRED	0	0	ILLUMINA	NextSeq 500	SRP235457	PRJNA594518		594518	SRS5789302	SAMN13520356	simple	4932	Saccharomyces cerevisiae	WT-1_Glucose							no					CHALMERS UNIVERSITY	SRA1009362		public	516D8C229584FDB8B71CE13F3CC05FCC	11A24E3F5CFE3F7EAF6C15E926BA2623		
SRX7296046	SRR10616895	2020-07-31 00:17:55	2019-12-10 11:53:56	8022420	1210726650	8022420	150	445		https://sra-downloadb.be-md.ncbi.nlm.nih.gov/sos3/sra-pub-zq-24/SRR010/10616/SRR10616895/SRR10616895.lite.1	WT-2_Glucose	RNA-Seq	Oligo-dT	TRANSCRIPTOMIC	PAIRED	0	0	ILLUMINA	NextSeq 500	SRP235457	PRJNA594518		594518	SRS5789303	SAMN13520357	simple	4932	Saccharomyces cerevisiae	WT-2_Glucose							no					CHALMERS UNIVERSITY	SRA1009362		public	DCA75D50E96E86C54C47248E78C4ACC3	57D9E7447B9A25FFC8DF4B941DEB9493		
SRX7296049	SRR10616892	2020-07-31 00:17:55	2019-12-10 11:53:32	8001005	1207607290	8001005	150	445		https://sra-downloadb.be-md.ncbi.nlm.nih.gov/sos5/sra-pub-zq-11/SRR010/616/SRR10616892/SRR10616892.lite.1	WT-3_Glucose	RNA-Seq	Oligo-dT	TRANSCRIPTOMIC	PAIRED	0	0	ILLUMINA	NextSeq 500	SRP235457	PRJNA594518		594518	SRS5789306	SAMN13520358	simple	4932	Saccharomyces cerevisiae	WT-3_Glucose							no					CHALMERS UNIVERSITY	SRA1009362		public	80C3918573E24BC7A625E9D4C6464C0A	DBA763E1CA38EFDC3DFAF5959CFBEA00		
SRX7296050	SRR10616891	2020-07-31 00:17:55	2019-12-10 11:53:12	8090048	1221249362	8090048	150	455		https://sra-downloadb.be-md.ncbi.nlm.nih.gov/sos5/sra-pub-zq-16/SRR010/10616/SRR10616891/SRR10616891.lite.1	SY14_1_Glucose	RNA-Seq	Oligo-dT	TRANSCRIPTOMIC	PAIRED	0	0	ILLUMINA	NextSeq 500	SRP235457	PRJNA594518		594518	SRS5789307	SAMN13520359	simple	4932	Saccharomyces cerevisiae	SY14_1_Glucose							no					CHALMERS UNIVERSITY	SRA1009362		public	FBC33E627741BA702403DD2104138EFE	728915B2779B4DDB0DDA8AF502E1211A		
SRX7296051	SRR10616890	2020-07-31 00:17:55	2019-12-10 11:53:37	8536130	1287756280	8536130	150	482		https://sra-downloadb.be-md.ncbi.nlm.nih.gov/sos5/sra-pub-zq-11/SRR010/616/SRR10616890/SRR10616890.lite.1	SY14_2_Glucose	RNA-Seq	Oligo-dT	TRANSCRIPTOMIC	PAIRED	0	0	ILLUMINA	NextSeq 500	SRP235457	PRJNA594518		594518	SRS5789308	SAMN13520360	simple	4932	Saccharomyces cerevisiae	SY14_2_Glucose							no					CHALMERS UNIVERSITY	SRA1009362		public	AE8C3C45F15BA8C9B70C27FE3CBDA59D	F7198E2EC609D1A1DB058E7926599AFC		
SRX7296052	SRR10616889	2020-07-31 00:17:55	2019-12-10 11:53:50	8043358	1213567304	8043358	150	454		https://sra-downloadb.be-md.ncbi.nlm.nih.gov/sos3/sra-pub-zq-22/SRR010/10616/SRR10616889/SRR10616889.lite.1	SY14_3_Glucose	RNA-Seq	Oligo-dT	TRANSCRIPTOMIC	PAIRED	0	0	ILLUMINA	NextSeq 500	SRP235457	PRJNA594518		594518	SRS5789309	SAMN13520361	simple	4932	Saccharomyces cerevisiae	SY14_3_Glucose							no					CHALMERS UNIVERSITY	SRA1009362		public	537F68EC29A72ECA18B6A4A245C50966	32C2A80C0842A2E137911A8197CA6CD1		
SRX7296053	SRR10616888	2020-07-31 00:17:55	2019-12-10 11:55:30	16249390	1226018379	0	75	496		https://sra-downloadb.be-md.ncbi.nlm.nih.gov/sos3/sra-pub-zq-22/SRR010/10616/SRR10616888/SRR10616888.lite.1	WT_4_Ethanol	RNA-Seq	Oligo-dT	TRANSCRIPTOMIC	SINGLE	0	0	ILLUMINA	NextSeq 500	SRP235457	PRJNA594518		594518	SRS5789310	SAMN13520362	simple	4932	Saccharomyces cerevisiae	WT_4_Ethanol							no					CHALMERS UNIVERSITY	SRA1009362		public	032427B040174243FF69BF4D151818F7	DC31B230151DEDD1146C7452C45878E6		
SRX7296054	SRR10616887	2020-07-31 00:17:55	2019-12-10 11:55:46	16189196	1221869217	0	75	491		https://sra-downloadb.be-md.ncbi.nlm.nih.gov/sos5/sra-pub-zq-16/SRR010/10616/SRR10616887/SRR10616887.lite.1	WT-5_Ethanol	RNA-Seq	Oligo-dT	TRANSCRIPTOMIC	SINGLE	0	0	ILLUMINA	NextSeq 500	SRP235457	PRJNA594518		594518	SRS5789311	SAMN13520363	simple	4932	Saccharomyces cerevisiae	WT-5_Ethanol							no					CHALMERS UNIVERSITY	SRA1009362		public	56D5EAAEC55C7D0C91018A5B0D991117	DD4F36CECE118137357EAE17043A8997		
SRX7296055	SRR10616886	2020-07-31 00:17:55	2019-12-10 11:55:35	15630428	1179820287	0	75	476		https://sra-downloadb.be-md.ncbi.nlm.nih.gov/sos5/sra-pub-zq-11/SRR010/616/SRR10616886/SRR10616886.lite.1	WT-6_Ethanol	RNA-Seq	Oligo-dT	TRANSCRIPTOMIC	SINGLE	0	0	ILLUMINA	NextSeq 500	SRP235457	PRJNA594518		594518	SRS5789312	SAMN13520364	simple	4932	Saccharomyces cerevisiae	WT-6_Ethanol							no					CHALMERS UNIVERSITY	SRA1009362		public	9303C63EE29A8CA2254CB0048926C18F	1E178B3B8F559B3AA5310EC8E0EA3B92		
SRX7951334	SRR11349420;SRR11349421;SRR11349422;SRR11349423	2020-10-26 18:38:24	2020-03-19 08:53:51	1957390	540608769	1957390	276	222		https://sra-downloadb.be-md.ncbi.nlm.nih.gov/sos5/sra-pub-zq-16/SRR011/11349/SRR11349423/SRR11349423.lite.1		RNA-Seq	cDNA	TRANSCRIPTOMIC	PAIRED	0	0	ILLUMINA	Illumina HiSeq 4000	SRP253311	PRJNA613401	3	613401	SRS6337909	SAMN14403506	simple	4932	Saccharomyces cerevisiae	GSM4420271							no					GEO	SRA1056551		public	71ABC19A4BCE7824A3BDA2458EBA3D4B	5164633CED59032C5C660E17796E0FEC		
SRX7951335	SRR11349424;SRR11349425;SRR11349426;SRR11349427	2020-10-26 18:38:24	2020-03-19 09:17:34	2302243	625662157	2302243	271	262		https://sra-downloadb.be-md.ncbi.nlm.nih.gov/sos5/sra-pub-zq-16/SRR011/11349/SRR11349427/SRR11349427.lite.1		RNA-Seq	cDNA	TRANSCRIPTOMIC	PAIRED	0	0	ILLUMINA	Illumina HiSeq 4000	SRP253311	PRJNA613401	3	613401	SRS6337910	SAMN14403505	simple	4932	Saccharomyces cerevisiae	GSM4420272							no					GEO	SRA1056551		public	2E0202B849EE4016D2436715004028F1	D7D88BBAB619978EFD1AFFF50212727B		
SRX7951336	SRR11349428;SRR11349429;SRR11349430;SRR11349431	2020-10-26 18:38:25	2020-03-19 09:24:36	2823730	784597199	2823730	277	336		https://sra-downloadb.be-md.ncbi.nlm.nih.gov/sos3/sra-pub-zq-24/SRR011/11349/SRR11349431/SRR11349431.lite.1		RNA-Seq	cDNA	TRANSCRIPTOMIC	PAIRED	0	0	ILLUMINA	Illumina HiSeq 4000	SRP253311	PRJNA613401	3	613401	SRS6337911	SAMN14403504	simple	4932	Saccharomyces cerevisiae	GSM4420273							no					GEO	SRA1056551		public	E3FDC714A3ED190832674403F6EC649C	CDC6FDCB5A9236A2D0C9258846918AE3		
SRX7951337	SRR11349432;SRR11349433;SRR11349434;SRR11349435	2020-10-26 18:38:25	2020-03-19 09:01:46	2673633	743630963	2673633	278	322		https://sra-downloadb.be-md.ncbi.nlm.nih.gov/sos2/sra-pub-zq-20/SRR011/11349/SRR11349435/SRR11349435.lite.1		RNA-Seq	cDNA	TRANSCRIPTOMIC	PAIRED	0	0	ILLUMINA	Illumina HiSeq 4000	SRP253311	PRJNA613401	3	613401	SRS6337912	SAMN14403503	simple	4932	Saccharomyces cerevisiae	GSM4420274							no					GEO	SRA1056551		public	999B2620E0CC7B61FF5DB441F8CA068E	7EFD1D34AD711F869D70E04A113F8523		
SRX7951338	SRR11349436;SRR11349437;SRR11349438;SRR11349439	2020-10-26 18:38:25	2020-03-19 09:10:53	2162040	585152487	2162040	270	237		https://sra-downloadb.be-md.ncbi.nlm.nih.gov/sos3/sra-pub-zq-24/SRR011/11349/SRR11349439/SRR11349439.lite.1		RNA-Seq	cDNA	TRANSCRIPTOMIC	PAIRED	0	0	ILLUMINA	Illumina HiSeq 4000	SRP253311	PRJNA613401	3	613401	SRS6337913	SAMN14403502	simple	4932	Saccharomyces cerevisiae	GSM4420275							no					GEO	SRA1056551		public	4B4916E560CBB8516A27ED7AD09513D5	C2B1C090540A10F2505BC1B2896B3F2D		
SRX7951339	SRR11349440;SRR11349441;SRR11349442;SRR11349443	2020-10-26 18:38:25	2020-03-19 08:53:52	2103283	579054297	2103283	275	239		https://sra-downloadb.be-md.ncbi.nlm.nih.gov/sos3/sra-pub-zq-22/SRR011/11349/SRR11349443/SRR11349443.lite.1		RNA-Seq	cDNA	TRANSCRIPTOMIC	PAIRED	0	0	ILLUMINA	Illumina HiSeq 4000	SRP253311	PRJNA613401	3	613401	SRS6337914	SAMN14403501	simple	4932	Saccharomyces cerevisiae	GSM4420276							no					GEO	SRA1056551		public	EED7B8BE7E6B368EF2CC54545F4EDA70	1D6FD91ADC0D51012539972673DDE376		
SRX7951340	SRR11349444;SRR11349445;SRR11349446;SRR11349447	2020-10-26 18:38:25	2020-03-19 09:01:33	2819641	791166542	2819641	280	340		https://sra-downloadb.be-md.ncbi.nlm.nih.gov/sos2/sra-pub-zq-20/SRR011/11349/SRR11349447/SRR11349447.lite.1		RNA-Seq	cDNA	TRANSCRIPTOMIC	PAIRED	0	0	ILLUMINA	Illumina HiSeq 4000	SRP253311	PRJNA613401	3	613401	SRS6337915	SAMN14403500	simple	4932	Saccharomyces cerevisiae	GSM4420277							no					GEO	SRA1056551		public	A4F3C5BF0C7C565F8AD5EE490EC2F0A4	713B96BAE1E6293454ABAB704B226001		
SRX7951341	SRR11349448;SRR11349449;SRR11349450;SRR11349451	2020-10-26 18:38:25	2020-03-19 09:26:03	2777651	784263828	2777651	282	339		https://sra-downloadb.be-md.ncbi.nlm.nih.gov/sos3/sra-pub-zq-24/SRR011/11349/SRR11349451/SRR11349451.lite.1		RNA-Seq	cDNA	TRANSCRIPTOMIC	PAIRED	0	0	ILLUMINA	Illumina HiSeq 4000	SRP253311	PRJNA613401	3	613401	SRS6337916	SAMN14403499	simple	4932	Saccharomyces cerevisiae	GSM4420278							no					GEO	SRA1056551		public	0ECD152D91988DF954E2439E61B4B967	035DC51C6E338F5CF36664B2EED9B1A8		
SRX7951342	SRR11349452;SRR11349453;SRR11349454;SRR11349455	2020-10-26 18:38:25	2020-03-19 08:59:59	2344591	654709972	2344591	279	284		https://sra-downloadb.be-md.ncbi.nlm.nih.gov/sos3/sra-pub-zq-22/SRR011/11349/SRR11349455/SRR11349455.lite.1		RNA-Seq	cDNA	TRANSCRIPTOMIC	PAIRED	0	0	ILLUMINA	Illumina HiSeq 4000	SRP253311	PRJNA613401	3	613401	SRS6337917	SAMN14403498	simple	4932	Saccharomyces cerevisiae	GSM4420279							no					GEO	SRA1056551		public	4352A3679531CA34EA6E46D4E4C731F0	0B726B02C0C07E28592DF3B7DDA11938		
SRX7951343	SRR11349456;SRR11349457;SRR11349458;SRR11349459	2020-10-26 18:38:25	2020-03-19 08:54:17	2545630	713937887	2545630	280	311		https://sra-downloadb.be-md.ncbi.nlm.nih.gov/sos3/sra-pub-zq-22/SRR011/11349/SRR11349459/SRR11349459.lite.1		RNA-Seq	cDNA	TRANSCRIPTOMIC	PAIRED	0	0	ILLUMINA	Illumina HiSeq 4000	SRP253311	PRJNA613401	3	613401	SRS6337918	SAMN14403497	simple	4932	Saccharomyces cerevisiae	GSM4420280							no					GEO	SRA1056551		public	D2102D46CF4DDEAC70D9CF419255BE90	45B154F0265121BFE4C16F36A0C9A7A0		
SRX7951344	SRR11349460;SRR11349461;SRR11349462;SRR11349463	2020-10-26 18:38:25	2020-03-19 09:06:06	3110036	870693899	3110036	279	377		https://sra-downloadb.be-md.ncbi.nlm.nih.gov/sos3/sra-pub-zq-22/SRR011/11349/SRR11349463/SRR11349463.lite.1		RNA-Seq	cDNA	TRANSCRIPTOMIC	PAIRED	0	0	ILLUMINA	Illumina HiSeq 4000	SRP253311	PRJNA613401	3	613401	SRS6337919	SAMN14403496	simple	4932	Saccharomyces cerevisiae	GSM4420281							no					GEO	SRA1056551		public	D6212410E0803BE98EBE313EC3DF03DE	B12285C05EEE71B570090972E2AE685C		
SRX7951345	SRR11349464;SRR11349465;SRR11349466;SRR11349467	2020-10-26 18:38:25	2020-03-19 08:54:26	2858691	805359391	2858691	281	349		https://sra-downloadb.be-md.ncbi.nlm.nih.gov/sos3/sra-pub-zq-22/SRR011/11349/SRR11349467/SRR11349467.lite.1		RNA-Seq	cDNA	TRANSCRIPTOMIC	PAIRED	0	0	ILLUMINA	Illumina HiSeq 4000	SRP253311	PRJNA613401	3	613401	SRS6337920	SAMN14403495	simple	4932	Saccharomyces cerevisiae	GSM4420282							no					GEO	SRA1056551		public	0D646338269C2574B8849A4E8516A0C2	B4491D21A53B7CFC68F5A5BF27D29172		
