Experiment,sample_id,study,project,condition,rep_id,Strain Description,Strain,Evolved Sample,Base Media,Temperature (C),pH,Carbon Source (g/L),Nitrogen Source (g/L),Electron Acceptor,Supplement,Growth Rate (1/hr),Isolate Type,Additional Details,project_reference,Sequencing Machine,LibraryLayout,Platform,Biological Replicates,doi,GEO,SRX,Run,BioProject,run_date
SRX10341586,,,,,,Zymomonas mobilis,542,,,,,,,,,,cDNA,,,Illumina HiSeq 2000,PAIRED,ILLUMINA,,,,SRX10341586,SRR13963594,PRJNA714535,2021-03-18 04:56:39
SRX10341587,,,,,,Zymomonas mobilis,542,,,,,,,,,,cDNA,,,Illumina HiSeq 2000,PAIRED,ILLUMINA,,,,SRX10341587,SRR13963596,PRJNA714535,2021-03-18 04:56:39
SRX10341588,,,,,,Zymomonas mobilis,542,,,,,,,,,,cDNA,,,Illumina HiSeq 2000,PAIRED,ILLUMINA,,,,SRX10341588,SRR13963597,PRJNA714535,2021-03-18 04:56:39
SRX10341589,,,,,,Zymomonas mobilis,542,,,,,,,,,,cDNA,,,Illumina HiSeq 2000,PAIRED,ILLUMINA,,,,SRX10341589,SRR13963598,PRJNA714535,2021-03-18 04:56:39
SRX10341590,,,,,,Zymomonas mobilis,542,,,,,,,,,,cDNA,,,Illumina HiSeq 2000,PAIRED,ILLUMINA,,,,SRX10341590,SRR13963599,PRJNA714535,2021-03-18 04:56:39
SRX10341591,,,,,,Zymomonas mobilis,542,,,,,,,,,,cDNA,,,Illumina HiSeq 2000,PAIRED,ILLUMINA,,,,SRX10341591,SRR13963600,PRJNA714535,2021-03-18 04:56:39
SRX10341592,,,,,,Zymomonas mobilis,542,,,,,,,,,,cDNA,,,Illumina HiSeq 2000,PAIRED,ILLUMINA,,,,SRX10341592,SRR13963601,PRJNA714535,2021-03-18 04:56:39
SRX10341593,,,,,,Zymomonas mobilis,542,,,,,,,,,,cDNA,,,Illumina HiSeq 2000,PAIRED,ILLUMINA,,,,SRX10341593,SRR13963602,PRJNA714535,2021-03-18 04:56:39
SRX10341594,,,,,,Zymomonas mobilis,542,,,,,,,,,,cDNA,,,Illumina HiSeq 2000,PAIRED,ILLUMINA,,,,SRX10341594,SRR13963603,PRJNA714535,2021-03-18 04:56:39
SRX10341595,,,,,,Zymomonas mobilis,542,,,,,,,,,,cDNA,,,Illumina HiSeq 2000,PAIRED,ILLUMINA,,,,SRX10341595,SRR13963604,PRJNA714535,2021-03-18 04:56:39
SRX10341596,,,,,,Zymomonas mobilis,542,,,,,,,,,,cDNA,,,Illumina HiSeq 2000,PAIRED,ILLUMINA,,,,SRX10341596,SRR13963605,PRJNA714535,2021-03-18 04:56:39
SRX10341597,,,,,,Zymomonas mobilis,542,,,,,,,,,,cDNA,,,Illumina HiSeq 2000,PAIRED,ILLUMINA,,,,SRX10341597,SRR13963606,PRJNA714535,2021-03-18 04:56:39
SRX11348531,,,,,,Zymomonas mobilis,542,,,,,,,,,,other,,,Illumina HiSeq 4000,PAIRED,ILLUMINA,,,,SRX11348531,SRR15037121,PRJNA743578,2022-01-01 03:01:50
SRX11348532,,,,,,Zymomonas mobilis,542,,,,,,,,,,other,,,Illumina HiSeq 4000,PAIRED,ILLUMINA,,,,SRX11348532,SRR15037120,PRJNA743578,2022-01-01 03:01:50
SRX1432806,,,,,,Zymomonas mobilis subsp. mobilis ZM4 = ATCC 31821,264203,,,,,,,,,,other,,,Illumina HiSeq 2500,SINGLE,ILLUMINA,,,,SRX1432806,SRR2917443,PRJNA302104,2016-11-13 00:00:00
SRX14563846,,,,,,Zymomonas mobilis,542,,,,,,,,,,RANDOM PCR,,,Illumina HiSeq 2000,PAIRED,ILLUMINA,,,,SRX14563846,SRR18429996,PRJNA818530,2022-03-23 03:26:43
SRX14563847,,,,,,Zymomonas mobilis,542,,,,,,,,,,RANDOM PCR,,,Illumina HiSeq 2000,PAIRED,ILLUMINA,,,,SRX14563847,SRR18429995,PRJNA818530,2022-03-23 02:10:32
SRX14563848,,,,,,Zymomonas mobilis,542,,,,,,,,,,RANDOM PCR,,,Illumina HiSeq 2000,PAIRED,ILLUMINA,,,,SRX14563848,SRR18429994,PRJNA818530,2022-03-23 03:10:40
SRX14563849,,,,,,Zymomonas mobilis,542,,,,,,,,,,RANDOM PCR,,,Illumina HiSeq 2000,PAIRED,ILLUMINA,,,,SRX14563849,SRR18429993,PRJNA818530,2022-03-23 02:10:32
SRX14570260,,,,,,Zymomonas mobilis subsp. mobilis ZM4 = ATCC 31821,264203,,,,,,,,,,cDNA,,,Illumina NovaSeq 6000,PAIRED,ILLUMINA,,,,SRX14570260,SRR18437115,PRJNA818710,2022-03-25 00:00:37
SRX14570261,,,,,,Zymomonas mobilis subsp. mobilis ZM4 = ATCC 31821,264203,,,,,,,,,,cDNA,,,Illumina NovaSeq 6000,PAIRED,ILLUMINA,,,,SRX14570261,SRR18437114,PRJNA818710,2022-03-25 00:00:38
SRX14570262,,,,,,Zymomonas mobilis subsp. mobilis ZM4 = ATCC 31821,264203,,,,,,,,,,cDNA,,,Illumina NovaSeq 6000,PAIRED,ILLUMINA,,,,SRX14570262,SRR18437113,PRJNA818710,2022-03-25 00:00:38
SRX14570263,,,,,,Zymomonas mobilis subsp. mobilis ZM4 = ATCC 31821,264203,,,,,,,,,,cDNA,,,Illumina NovaSeq 6000,PAIRED,ILLUMINA,,,,SRX14570263,SRR18437112,PRJNA818710,2022-03-25 00:00:38
SRX14570264,,,,,,Zymomonas mobilis subsp. mobilis ZM4 = ATCC 31821,264203,,,,,,,,,,cDNA,,,Illumina NovaSeq 6000,PAIRED,ILLUMINA,,,,SRX14570264,SRR18437111,PRJNA818710,2022-03-25 00:00:38
SRX14570265,,,,,,Zymomonas mobilis subsp. mobilis ZM4 = ATCC 31821,264203,,,,,,,,,,cDNA,,,Illumina NovaSeq 6000,PAIRED,ILLUMINA,,,,SRX14570265,SRR18437110,PRJNA818710,2022-03-25 00:00:38
SRX14570266,,,,,,Zymomonas mobilis subsp. mobilis ZM4 = ATCC 31821,264203,,,,,,,,,,cDNA,,,Illumina NovaSeq 6000,PAIRED,ILLUMINA,,,,SRX14570266,SRR18437109,PRJNA818710,2022-03-25 00:00:38
SRX14570267,,,,,,Zymomonas mobilis subsp. mobilis ZM4 = ATCC 31821,264203,,,,,,,,,,cDNA,,,Illumina NovaSeq 6000,PAIRED,ILLUMINA,,,,SRX14570267,SRR18437108,PRJNA818710,2022-03-25 00:00:38
SRX14570268,,,,,,Zymomonas mobilis subsp. mobilis ZM4 = ATCC 31821,264203,,,,,,,,,,cDNA,,,Illumina NovaSeq 6000,PAIRED,ILLUMINA,,,,SRX14570268,SRR18437107,PRJNA818710,2022-03-25 00:00:38
SRX14570269,,,,,,Zymomonas mobilis subsp. mobilis ZM4 = ATCC 31821,264203,,,,,,,,,,cDNA,,,Illumina NovaSeq 6000,PAIRED,ILLUMINA,,,,SRX14570269,SRR18437106,PRJNA818710,2022-03-25 00:00:38
SRX14570270,,,,,,Zymomonas mobilis subsp. mobilis ZM4 = ATCC 31821,264203,,,,,,,,,,cDNA,,,Illumina NovaSeq 6000,PAIRED,ILLUMINA,,,,SRX14570270,SRR18437105,PRJNA818710,2022-03-25 00:00:38
SRX14570271,,,,,,Zymomonas mobilis subsp. mobilis ZM4 = ATCC 31821,264203,,,,,,,,,,cDNA,,,Illumina NovaSeq 6000,PAIRED,ILLUMINA,,,,SRX14570271,SRR18437104,PRJNA818710,2022-03-25 00:00:38
SRX14570272,,,,,,Zymomonas mobilis subsp. mobilis ZM4 = ATCC 31821,264203,,,,,,,,,,cDNA,,,Illumina NovaSeq 6000,PAIRED,ILLUMINA,,,,SRX14570272,SRR18437103,PRJNA818710,2022-03-25 00:00:38
SRX14570273,,,,,,Zymomonas mobilis subsp. mobilis ZM4 = ATCC 31821,264203,,,,,,,,,,cDNA,,,Illumina NovaSeq 6000,PAIRED,ILLUMINA,,,,SRX14570273,SRR18437102,PRJNA818710,2022-03-25 00:00:38
SRX14570274,,,,,,Zymomonas mobilis subsp. mobilis ZM4 = ATCC 31821,264203,,,,,,,,,,cDNA,,,Illumina NovaSeq 6000,PAIRED,ILLUMINA,,,,SRX14570274,SRR18437101,PRJNA818710,2022-03-25 00:00:38
SRX14570275,,,,,,Zymomonas mobilis subsp. mobilis ZM4 = ATCC 31821,264203,,,,,,,,,,cDNA,,,Illumina NovaSeq 6000,PAIRED,ILLUMINA,,,,SRX14570275,SRR18437100,PRJNA818710,2022-03-25 00:00:38
SRX14570276,,,,,,Zymomonas mobilis subsp. mobilis ZM4 = ATCC 31821,264203,,,,,,,,,,cDNA,,,Illumina NovaSeq 6000,PAIRED,ILLUMINA,,,,SRX14570276,SRR18437099,PRJNA818710,2022-03-25 00:00:38
SRX14570277,,,,,,Zymomonas mobilis subsp. mobilis ZM4 = ATCC 31821,264203,,,,,,,,,,cDNA,,,Illumina NovaSeq 6000,PAIRED,ILLUMINA,,,,SRX14570277,SRR18437098,PRJNA818710,2022-03-25 00:00:38
SRX14953908,,,,,,Zymomonas mobilis,542,,,,,,,,,,cDNA,,,Illumina HiSeq 2000,PAIRED,ILLUMINA,,,,SRX14953908,SRR18856082,PRJNA830472,2022-04-24 00:00:17
SRX14953909,,,,,,Zymomonas mobilis,542,,,,,,,,,,cDNA,,,Illumina HiSeq 2000,PAIRED,ILLUMINA,,,,SRX14953909,SRR18856081,PRJNA830472,2022-04-24 00:00:17
SRX14953910,,,,,,Zymomonas mobilis,542,,,,,,,,,,cDNA,,,Illumina HiSeq 2000,PAIRED,ILLUMINA,,,,SRX14953910,SRR18856080,PRJNA830472,2022-04-24 00:00:17
SRX14953911,,,,,,Zymomonas mobilis,542,,,,,,,,,,cDNA,,,Illumina HiSeq 2000,PAIRED,ILLUMINA,,,,SRX14953911,SRR18856079,PRJNA830472,2022-04-24 00:00:17
SRX14953912,,,,,,Zymomonas mobilis,542,,,,,,,,,,cDNA,,,Illumina HiSeq 2000,PAIRED,ILLUMINA,,,,SRX14953912,SRR18856078,PRJNA830472,2022-04-24 00:00:17
SRX14953913,,,,,,Zymomonas mobilis,542,,,,,,,,,,cDNA,,,Illumina HiSeq 2000,PAIRED,ILLUMINA,,,,SRX14953913,SRR18856077,PRJNA830472,2022-04-24 00:00:17
SRX14953914,,,,,,Zymomonas mobilis,542,,,,,,,,,,cDNA,,,Illumina HiSeq 2000,PAIRED,ILLUMINA,,,,SRX14953914,SRR18856076,PRJNA830472,2022-04-24 00:00:17
SRX14953915,,,,,,Zymomonas mobilis,542,,,,,,,,,,cDNA,,,Illumina HiSeq 2000,PAIRED,ILLUMINA,,,,SRX14953915,SRR18856075,PRJNA830472,2022-04-24 00:00:17
SRX14953916,,,,,,Zymomonas mobilis,542,,,,,,,,,,cDNA,,,Illumina HiSeq 2000,PAIRED,ILLUMINA,,,,SRX14953916,SRR18856074,PRJNA830472,2022-04-24 00:00:17
SRX14953917,,,,,,Zymomonas mobilis,542,,,,,,,,,,cDNA,,,Illumina HiSeq 2000,PAIRED,ILLUMINA,,,,SRX14953917,SRR18856073,PRJNA830472,2022-04-24 00:00:17
SRX14953918,,,,,,Zymomonas mobilis,542,,,,,,,,,,cDNA,,,Illumina HiSeq 2000,PAIRED,ILLUMINA,,,,SRX14953918,SRR18856072,PRJNA830472,2022-04-24 00:00:17
SRX14953919,,,,,,Zymomonas mobilis,542,,,,,,,,,,cDNA,,,Illumina HiSeq 2000,PAIRED,ILLUMINA,,,,SRX14953919,SRR18856071,PRJNA830472,2022-04-24 00:00:17
SRX14953920,,,,,,Zymomonas mobilis,542,,,,,,,,,,cDNA,,,Illumina HiSeq 2000,PAIRED,ILLUMINA,,,,SRX14953920,SRR18856070,PRJNA830472,2022-04-24 00:00:17
SRX14953921,,,,,,Zymomonas mobilis,542,,,,,,,,,,cDNA,,,Illumina HiSeq 2000,PAIRED,ILLUMINA,,,,SRX14953921,SRR18856069,PRJNA830472,2022-04-24 00:00:17
SRX14953922,,,,,,Zymomonas mobilis,542,,,,,,,,,,cDNA,,,Illumina HiSeq 2000,PAIRED,ILLUMINA,,,,SRX14953922,SRR18856068,PRJNA830472,2022-04-24 00:00:17
SRX14953923,,,,,,Zymomonas mobilis,542,,,,,,,,,,cDNA,,,Illumina HiSeq 2000,PAIRED,ILLUMINA,,,,SRX14953923,SRR18856067,PRJNA830472,2022-04-24 00:00:17
SRX14953924,,,,,,Zymomonas mobilis,542,,,,,,,,,,cDNA,,,Illumina HiSeq 2000,PAIRED,ILLUMINA,,,,SRX14953924,SRR18856066,PRJNA830472,2022-04-24 00:00:17
SRX14953925,,,,,,Zymomonas mobilis,542,,,,,,,,,,cDNA,,,Illumina HiSeq 2000,PAIRED,ILLUMINA,,,,SRX14953925,SRR18856065,PRJNA830472,2022-04-24 00:00:17
SRX14953926,,,,,,Zymomonas mobilis,542,,,,,,,,,,cDNA,,,Illumina HiSeq 2000,PAIRED,ILLUMINA,,,,SRX14953926,SRR18856064,PRJNA830472,2022-04-24 00:00:17
SRX14953927,,,,,,Zymomonas mobilis,542,,,,,,,,,,cDNA,,,Illumina HiSeq 2000,PAIRED,ILLUMINA,,,,SRX14953927,SRR18856063,PRJNA830472,2022-04-24 00:00:17
SRX14953928,,,,,,Zymomonas mobilis,542,,,,,,,,,,cDNA,,,Illumina HiSeq 2000,PAIRED,ILLUMINA,,,,SRX14953928,SRR18856062,PRJNA830472,2022-04-24 00:00:17
SRX14953929,,,,,,Zymomonas mobilis,542,,,,,,,,,,cDNA,,,Illumina HiSeq 2000,PAIRED,ILLUMINA,,,,SRX14953929,SRR18856061,PRJNA830472,2022-04-24 00:00:18
SRX14953930,,,,,,Zymomonas mobilis,542,,,,,,,,,,cDNA,,,Illumina HiSeq 2000,PAIRED,ILLUMINA,,,,SRX14953930,SRR18856060,PRJNA830472,2022-04-24 00:00:18
SRX14953931,,,,,,Zymomonas mobilis,542,,,,,,,,,,cDNA,,,Illumina HiSeq 2000,PAIRED,ILLUMINA,,,,SRX14953931,SRR18856059,PRJNA830472,2022-04-24 00:00:18
SRX14953932,,,,,,Zymomonas mobilis,542,,,,,,,,,,cDNA,,,Illumina HiSeq 2000,PAIRED,ILLUMINA,,,,SRX14953932,SRR18856058,PRJNA830472,2022-04-24 00:00:18
SRX18804540,,,,,,Zymomonas mobilis subsp. mobilis ZM4 = ATCC 31821,264203,,,,,,,,,,cDNA,,,HiSeq X Ten,PAIRED,ILLUMINA,,,,SRX18804540,SRR22845383,PRJNA914691,2024-05-16 17:27:46
SRX18804541,,,,,,Zymomonas mobilis subsp. mobilis ZM4 = ATCC 31821,264203,,,,,,,,,,cDNA,,,HiSeq X Ten,PAIRED,ILLUMINA,,,,SRX18804541,SRR22845382,PRJNA914691,2024-05-16 17:27:46
SRX18804542,,,,,,Zymomonas mobilis subsp. mobilis ZM4 = ATCC 31821,264203,,,,,,,,,,cDNA,,,HiSeq X Ten,PAIRED,ILLUMINA,,,,SRX18804542,SRR22845381,PRJNA914691,2024-05-16 17:27:46
SRX18804543,,,,,,Zymomonas mobilis,542,,,,,,,,,,cDNA,,,HiSeq X Ten,PAIRED,ILLUMINA,,,,SRX18804543,SRR22845380,PRJNA914691,2024-05-16 17:27:46
SRX18804544,,,,,,Zymomonas mobilis,542,,,,,,,,,,cDNA,,,HiSeq X Ten,PAIRED,ILLUMINA,,,,SRX18804544,SRR22845379,PRJNA914691,2024-05-16 17:27:46
SRX18804545,,,,,,Zymomonas mobilis,542,,,,,,,,,,cDNA,,,HiSeq X Ten,PAIRED,ILLUMINA,,,,SRX18804545,SRR22845378,PRJNA914691,2024-05-16 17:27:46
SRX18804546,,,,,,Zymomonas mobilis,542,,,,,,,,,,cDNA,,,HiSeq X Ten,PAIRED,ILLUMINA,,,,SRX18804546,SRR22845377,PRJNA914691,2024-05-16 17:27:46
SRX18804547,,,,,,Zymomonas mobilis,542,,,,,,,,,,cDNA,,,HiSeq X Ten,PAIRED,ILLUMINA,,,,SRX18804547,SRR22845376,PRJNA914691,2024-05-16 17:27:46
SRX18804548,,,,,,Zymomonas mobilis,542,,,,,,,,,,cDNA,,,HiSeq X Ten,PAIRED,ILLUMINA,,,,SRX18804548,SRR22845375,PRJNA914691,2024-05-16 17:27:46
SRX18804549,,,,,,Zymomonas mobilis,542,,,,,,,,,,cDNA,,,HiSeq X Ten,PAIRED,ILLUMINA,,,,SRX18804549,SRR22845374,PRJNA914691,2024-05-16 17:27:46
SRX18804550,,,,,,Zymomonas mobilis,542,,,,,,,,,,cDNA,,,HiSeq X Ten,PAIRED,ILLUMINA,,,,SRX18804550,SRR22845373,PRJNA914691,2024-05-16 17:27:46
SRX18804551,,,,,,Zymomonas mobilis,542,,,,,,,,,,cDNA,,,HiSeq X Ten,PAIRED,ILLUMINA,,,,SRX18804551,SRR22845372,PRJNA914691,2024-05-16 17:27:46
SRX18804552,,,,,,Zymomonas mobilis,542,,,,,,,,,,cDNA,,,HiSeq X Ten,PAIRED,ILLUMINA,,,,SRX18804552,SRR22845371,PRJNA914691,2024-05-16 17:27:46
SRX18804553,,,,,,Zymomonas mobilis,542,,,,,,,,,,cDNA,,,HiSeq X Ten,PAIRED,ILLUMINA,,,,SRX18804553,SRR22845370,PRJNA914691,2024-05-16 17:27:46
SRX18804554,,,,,,Zymomonas mobilis,542,,,,,,,,,,cDNA,,,HiSeq X Ten,PAIRED,ILLUMINA,,,,SRX18804554,SRR22845369,PRJNA914691,2024-05-16 17:27:46
SRX19817112,,,,,,Zymomonas mobilis,542,,,,,,,,,,cDNA,,,Illumina NovaSeq 6000,PAIRED,ILLUMINA,,,,SRX19817112,SRR24014280,PRJNA950309,2023-04-15 00:37:40
SRX19817113,,,,,,Zymomonas mobilis,542,,,,,,,,,,cDNA,,,Illumina NovaSeq 6000,PAIRED,ILLUMINA,,,,SRX19817113,SRR24014279,PRJNA950309,2023-04-15 00:37:40
SRX19817114,,,,,,Zymomonas mobilis,542,,,,,,,,,,cDNA,,,Illumina NovaSeq 6000,PAIRED,ILLUMINA,,,,SRX19817114,SRR24014278,PRJNA950309,2023-04-15 00:37:40
SRX19817115,,,,,,Zymomonas mobilis,542,,,,,,,,,,cDNA,,,Illumina NovaSeq 6000,PAIRED,ILLUMINA,,,,SRX19817115,SRR24014277,PRJNA950309,2023-04-15 00:37:40
SRX19817116,,,,,,Zymomonas mobilis,542,,,,,,,,,,cDNA,,,Illumina NovaSeq 6000,PAIRED,ILLUMINA,,,,SRX19817116,SRR24014276,PRJNA950309,2023-04-15 00:37:40
SRX19817117,,,,,,Zymomonas mobilis,542,,,,,,,,,,cDNA,,,Illumina NovaSeq 6000,PAIRED,ILLUMINA,,,,SRX19817117,SRR24014275,PRJNA950309,2023-04-15 00:37:40
SRX2036088,,,,,,Zymomonas mobilis,542,,,,,,,,,,RANDOM PCR,,,Illumina HiSeq 2000,SINGLE,ILLUMINA,,,,SRX2036088,SRR4045218,PRJNA268170,2020-08-19 00:55:52
SRX2036089,,,,,,Zymomonas mobilis,542,,,,,,,,,,RANDOM PCR,,,Illumina HiSeq 2000,SINGLE,ILLUMINA,,,,SRX2036089,SRR4045219,PRJNA268170,2020-08-19 00:55:52
SRX2036090,,,,,,Zymomonas mobilis,542,,,,,,,,,,RANDOM PCR,,,Illumina HiSeq 2000,SINGLE,ILLUMINA,,,,SRX2036090,SRR4045220,PRJNA268170,2020-08-19 00:55:53
SRX2036091,,,,,,Zymomonas mobilis,542,,,,,,,,,,RANDOM PCR,,,Illumina HiSeq 2000,SINGLE,ILLUMINA,,,,SRX2036091,SRR4045221,PRJNA268170,2020-08-19 00:55:53
SRX2036300,,,,,,Zymomonas mobilis,542,,,,,,,,,,RANDOM PCR,,,Illumina HiSeq 2000,PAIRED,ILLUMINA,,,,SRX2036300,SRR4045428,PRJNA339578,2021-11-23 01:32:04
SRX2036303,,,,,,Zymomonas mobilis,542,,,,,,,,,,RANDOM PCR,,,Illumina HiSeq 2000,PAIRED,ILLUMINA,,,,SRX2036303,SRR4045430,PRJNA339578,2021-11-23 01:32:04
SRX2036305,,,,,,Zymomonas mobilis,542,,,,,,,,,,RANDOM PCR,,,Illumina HiSeq 2000,PAIRED,ILLUMINA,,,,SRX2036305,SRR4045432,PRJNA339578,2021-11-23 01:32:04
SRX2036307,,,,,,Zymomonas mobilis,542,,,,,,,,,,RANDOM PCR,,,Illumina HiSeq 2000,PAIRED,ILLUMINA,,,,SRX2036307,SRR4045434,PRJNA339578,2021-11-23 01:32:04
SRX2037533,,,,,,Zymomonas mobilis,542,,,,,,,,,,RANDOM PCR,,,Illumina HiSeq 2000,SINGLE,ILLUMINA,,,,SRX2037533,SRR4046622,PRJNA339579,2021-11-23 01:32:04
SRX2037535,,,,,,Zymomonas mobilis,542,,,,,,,,,,RANDOM PCR,,,Illumina HiSeq 2000,SINGLE,ILLUMINA,,,,SRX2037535,SRR4046623,PRJNA339579,2021-11-23 01:32:04
SRX2037536,,,,,,Zymomonas mobilis,542,,,,,,,,,,RANDOM PCR,,,Illumina HiSeq 2000,SINGLE,ILLUMINA,,,,SRX2037536,SRR4046624,PRJNA339579,2021-11-23 01:32:04
SRX2037537,,,,,,Zymomonas mobilis,542,,,,,,,,,,RANDOM PCR,,,Illumina HiSeq 2000,SINGLE,ILLUMINA,,,,SRX2037537,SRR4046625,PRJNA339579,2021-11-23 01:32:04
SRX2037538,,,,,,Zymomonas mobilis,542,,,,,,,,,,RANDOM PCR,,,Illumina HiSeq 2000,SINGLE,ILLUMINA,,,,SRX2037538,SRR4046626,PRJNA339579,2021-11-23 01:32:04
SRX2037540,,,,,,Zymomonas mobilis,542,,,,,,,,,,RANDOM PCR,,,Illumina HiSeq 2000,SINGLE,ILLUMINA,,,,SRX2037540,SRR4046628,PRJNA339579,2021-11-23 01:32:04
SRX2037541,,,,,,Zymomonas mobilis,542,,,,,,,,,,RANDOM PCR,,,Illumina HiSeq 2000,SINGLE,ILLUMINA,,,,SRX2037541,SRR4046629,PRJNA339579,2021-11-23 01:32:04
SRX2037542,,,,,,Zymomonas mobilis,542,,,,,,,,,,RANDOM PCR,,,Illumina HiSeq 2000,SINGLE,ILLUMINA,,,,SRX2037542,SRR4046631,PRJNA339579,2021-11-23 01:30:28
SRX2037691,,,,,,Zymomonas mobilis,542,,,,,,,,,,RANDOM PCR,,,Illumina HiSeq 2000,PAIRED,ILLUMINA,,,,SRX2037691,SRR4046829,PRJNA339727,2021-11-23 01:32:05
SRX2037693,,,,,,Zymomonas mobilis,542,,,,,,,,,,RANDOM PCR,,,Illumina HiSeq 2000,PAIRED,ILLUMINA,,,,SRX2037693,SRR4046831,PRJNA339727,2021-11-23 01:32:05
SRX2037695,,,,,,Zymomonas mobilis,542,,,,,,,,,,RANDOM PCR,,,Illumina HiSeq 2000,PAIRED,ILLUMINA,,,,SRX2037695,SRR4046833,PRJNA339727,2021-11-23 01:32:05
SRX2037697,,,,,,Zymomonas mobilis,542,,,,,,,,,,RANDOM PCR,,,Illumina HiSeq 2000,PAIRED,ILLUMINA,,,,SRX2037697,SRR4046835,PRJNA339727,2021-11-23 01:32:05
SRX2037699,,,,,,Zymomonas mobilis,542,,,,,,,,,,RANDOM PCR,,,Illumina HiSeq 2000,PAIRED,ILLUMINA,,,,SRX2037699,SRR4046837,PRJNA339727,2021-11-23 01:32:05
SRX2037713,,,,,,Zymomonas mobilis,542,,,,,,,,,,RANDOM PCR,,,Illumina HiSeq 2000,PAIRED,ILLUMINA,,,,SRX2037713,SRR4046851,PRJNA339727,2021-11-23 01:32:05
SRX2037715,,,,,,Zymomonas mobilis,542,,,,,,,,,,RANDOM PCR,,,Illumina HiSeq 2000,PAIRED,ILLUMINA,,,,SRX2037715,SRR4046853,PRJNA339727,2021-11-23 01:32:05
SRX2037717,,,,,,Zymomonas mobilis,542,,,,,,,,,,RANDOM PCR,,,Illumina HiSeq 2000,PAIRED,ILLUMINA,,,,SRX2037717,SRR4046855,PRJNA339727,2021-11-23 01:32:05
SRX2116174,,,,,,Zymomonas mobilis,542,,,,,,,,,,other,,,Illumina MiSeq,PAIRED,ILLUMINA,,,,SRX2116174,SRR4136140,PRJNA258930,2016-09-03 10:37:20
SRX2116175,,,,,,Zymomonas mobilis,542,,,,,,,,,,other,,,Illumina MiSeq,PAIRED,ILLUMINA,,,,SRX2116175,SRR4136141,PRJNA258930,2016-09-03 10:37:23
SRX2116176,,,,,,Zymomonas mobilis,542,,,,,,,,,,other,,,Illumina MiSeq,PAIRED,ILLUMINA,,,,SRX2116176,SRR4136142,PRJNA258930,2016-09-03 10:37:27
SRX21659709,,,,,,Zymomonas mobilis,542,,,,,,,,,,cDNA,,,Illumina NovaSeq 6000,PAIRED,ILLUMINA,,,,SRX21659709,SRR25941046,PRJNA1013959,2023-09-07 21:36:37
SRX21659710,,,,,,Zymomonas mobilis,542,,,,,,,,,,cDNA,,,Illumina NovaSeq 6000,PAIRED,ILLUMINA,,,,SRX21659710,SRR25941045,PRJNA1013959,2023-09-07 21:36:37
SRX21659711,,,,,,Zymomonas mobilis,542,,,,,,,,,,cDNA,,,Illumina NovaSeq 6000,PAIRED,ILLUMINA,,,,SRX21659711,SRR25941044,PRJNA1013959,2023-09-07 21:36:37
SRX22720559,,,,,,Zymomonas mobilis,542,,,,,,,,,,cDNA,,,BGISEQ-500,PAIRED,BGISEQ,,,,SRX22720559,SRR27028741,PRJNA1047928,2024-03-20 20:54:23
SRX22720560,,,,,,Zymomonas mobilis,542,,,,,,,,,,cDNA,,,BGISEQ-500,PAIRED,BGISEQ,,,,SRX22720560,SRR27028740,PRJNA1047928,2024-03-20 20:54:23
SRX22720561,,,,,,Zymomonas mobilis,542,,,,,,,,,,cDNA,,,BGISEQ-500,PAIRED,BGISEQ,,,,SRX22720561,SRR27028739,PRJNA1047928,2024-03-20 20:54:23
SRX22720562,,,,,,Zymomonas mobilis,542,,,,,,,,,,cDNA,,,BGISEQ-500,PAIRED,BGISEQ,,,,SRX22720562,SRR27028738,PRJNA1047928,2024-03-20 20:54:23
SRX22720563,,,,,,Zymomonas mobilis subsp. mobilis ZM4 = ATCC 31821,264203,,,,,,,,,,cDNA,,,BGISEQ-500,PAIRED,BGISEQ,,,,SRX22720563,SRR27028737,PRJNA1047928,2024-03-20 20:54:23
SRX22720564,,,,,,Zymomonas mobilis subsp. mobilis ZM4 = ATCC 31821,264203,,,,,,,,,,cDNA,,,BGISEQ-500,PAIRED,BGISEQ,,,,SRX22720564,SRR27028736,PRJNA1047928,2024-03-20 20:54:23
SRX22720565,,,,,,Zymomonas mobilis,542,,,,,,,,,,cDNA,,,BGISEQ-500,PAIRED,BGISEQ,,,,SRX22720565,SRR27028735,PRJNA1047928,2024-03-20 20:54:23
SRX22720566,,,,,,Zymomonas mobilis,542,,,,,,,,,,cDNA,,,BGISEQ-500,PAIRED,BGISEQ,,,,SRX22720566,SRR27028734,PRJNA1047928,2024-03-20 20:54:23
SRX22720567,,,,,,Zymomonas mobilis,542,,,,,,,,,,cDNA,,,BGISEQ-500,PAIRED,BGISEQ,,,,SRX22720567,SRR27028733,PRJNA1047928,2024-03-20 20:54:23
SRX22720568,,,,,,Zymomonas mobilis,542,,,,,,,,,,cDNA,,,BGISEQ-500,PAIRED,BGISEQ,,,,SRX22720568,SRR27028732,PRJNA1047928,2024-03-20 20:54:23
SRX22720569,,,,,,Zymomonas mobilis,542,,,,,,,,,,cDNA,,,BGISEQ-500,PAIRED,BGISEQ,,,,SRX22720569,SRR27028731,PRJNA1047928,2024-03-20 20:54:23
SRX22720570,,,,,,Zymomonas mobilis,542,,,,,,,,,,cDNA,,,BGISEQ-500,PAIRED,BGISEQ,,,,SRX22720570,SRR27028730,PRJNA1047928,2024-03-20 20:54:23
SRX22720571,,,,,,Zymomonas mobilis subsp. mobilis ZM4 = ATCC 31821,264203,,,,,,,,,,cDNA,,,BGISEQ-500,PAIRED,BGISEQ,,,,SRX22720571,SRR27028729,PRJNA1047928,2024-03-20 20:54:23
SRX22720572,,,,,,Zymomonas mobilis,542,,,,,,,,,,cDNA,,,BGISEQ-500,PAIRED,BGISEQ,,,,SRX22720572,SRR27028728,PRJNA1047928,2024-03-20 20:54:23
SRX22720573,,,,,,Zymomonas mobilis subsp. mobilis ZM4 = ATCC 31821,264203,,,,,,,,,,cDNA,,,BGISEQ-500,PAIRED,BGISEQ,,,,SRX22720573,SRR27028727,PRJNA1047928,2024-03-20 20:54:23
SRX22720574,,,,,,Zymomonas mobilis,542,,,,,,,,,,cDNA,,,BGISEQ-500,PAIRED,BGISEQ,,,,SRX22720574,SRR27028726,PRJNA1047928,2024-03-20 20:54:23
SRX22720575,,,,,,Zymomonas mobilis,542,,,,,,,,,,cDNA,,,BGISEQ-500,PAIRED,BGISEQ,,,,SRX22720575,SRR27028725,PRJNA1047928,2024-03-20 20:54:23
SRX22720576,,,,,,Zymomonas mobilis,542,,,,,,,,,,cDNA,,,BGISEQ-500,PAIRED,BGISEQ,,,,SRX22720576,SRR27028724,PRJNA1047928,2024-03-20 20:54:23
SRX22720577,,,,,,Zymomonas mobilis,542,,,,,,,,,,cDNA,,,BGISEQ-500,PAIRED,BGISEQ,,,,SRX22720577,SRR27028723,PRJNA1047928,2024-03-20 20:54:23
SRX22720578,,,,,,Zymomonas mobilis,542,,,,,,,,,,cDNA,,,BGISEQ-500,PAIRED,BGISEQ,,,,SRX22720578,SRR27028722,PRJNA1047928,2024-03-20 20:54:23
SRX22720579,,,,,,Zymomonas mobilis,542,,,,,,,,,,cDNA,,,BGISEQ-500,PAIRED,BGISEQ,,,,SRX22720579,SRR27028721,PRJNA1047928,2024-03-20 20:54:23
SRX3316529,,,,,,Zymomonas mobilis subsp. mobilis ZM4 = ATCC 31821,264203,,,,,,,,,,other,,,Illumina HiSeq 2500,PAIRED,ILLUMINA,,,,SRX3316529,SRR6207272,PRJNA409967,2017-10-24 12:24:11
SRX3316530,,,,,,Zymomonas mobilis subsp. mobilis ZM4 = ATCC 31821,264203,,,,,,,,,,other,,,Illumina HiSeq 2500,PAIRED,ILLUMINA,,,,SRX3316530,SRR6207271,PRJNA409963,2017-10-24 12:14:13
SRX3316531,,,,,,Zymomonas mobilis subsp. mobilis ZM4 = ATCC 31821,264203,,,,,,,,,,other,,,Illumina HiSeq 2500,PAIRED,ILLUMINA,,,,SRX3316531,SRR6207270,PRJNA409965,2017-10-24 12:14:13
SRX3316532,,,,,,Zymomonas mobilis subsp. mobilis ZM4 = ATCC 31821,264203,,,,,,,,,,other,,,Illumina HiSeq 2500,PAIRED,ILLUMINA,,,,SRX3316532,SRR6207269,PRJNA409968,2017-10-24 12:12:14
SRX3316533,,,,,,Zymomonas mobilis subsp. mobilis ZM4 = ATCC 31821,264203,,,,,,,,,,other,,,Illumina HiSeq 2500,PAIRED,ILLUMINA,,,,SRX3316533,SRR6207268,PRJNA409961,2017-10-24 12:30:12
SRX3316534,,,,,,Zymomonas mobilis subsp. mobilis ZM4 = ATCC 31821,264203,,,,,,,,,,other,,,Illumina HiSeq 2500,PAIRED,ILLUMINA,,,,SRX3316534,SRR6207267,PRJNA409960,2017-10-24 12:11:12
SRX3316535,,,,,,Zymomonas mobilis subsp. mobilis ZM4 = ATCC 31821,264203,,,,,,,,,,other,,,Illumina HiSeq 2500,PAIRED,ILLUMINA,,,,SRX3316535,SRR6207266,PRJNA409953,2017-10-24 12:12:14
SRX3316536,,,,,,Zymomonas mobilis subsp. mobilis ZM4 = ATCC 31821,264203,,,,,,,,,,other,,,Illumina HiSeq 2500,PAIRED,ILLUMINA,,,,SRX3316536,SRR6207265,PRJNA409969,2017-10-24 12:08:29
SRX3316537,,,,,,Zymomonas mobilis subsp. mobilis ZM4 = ATCC 31821,264203,,,,,,,,,,other,,,Illumina HiSeq 2500,PAIRED,ILLUMINA,,,,SRX3316537,SRR6207264,PRJNA409958,2017-10-24 12:17:12
SRX3316538,,,,,,Zymomonas mobilis subsp. mobilis ZM4 = ATCC 31821,264203,,,,,,,,,,other,,,Illumina HiSeq 2500,PAIRED,ILLUMINA,,,,SRX3316538,SRR6207263,PRJNA409955,2017-10-24 12:04:11
SRX3316539,,,,,,Zymomonas mobilis subsp. mobilis ZM4 = ATCC 31821,264203,,,,,,,,,,other,,,Illumina HiSeq 2500,PAIRED,ILLUMINA,,,,SRX3316539,SRR6207262,PRJNA409957,2017-10-24 12:05:12
SRX3316540,,,,,,Zymomonas mobilis subsp. mobilis ZM4 = ATCC 31821,264203,,,,,,,,,,other,,,Illumina HiSeq 2500,PAIRED,ILLUMINA,,,,SRX3316540,SRR6207261,PRJNA409959,2017-10-24 12:14:13
SRX3316541,,,,,,Zymomonas mobilis subsp. mobilis ZM4 = ATCC 31821,264203,,,,,,,,,,other,,,Illumina HiSeq 2500,PAIRED,ILLUMINA,,,,SRX3316541,SRR6207260,PRJNA409964,2017-10-24 12:16:12
SRX3316542,,,,,,Zymomonas mobilis subsp. mobilis ZM4 = ATCC 31821,264203,,,,,,,,,,other,,,Illumina HiSeq 2500,PAIRED,ILLUMINA,,,,SRX3316542,SRR6207259,PRJNA410414,2017-10-24 12:08:29
SRX3316543,,,,,,Zymomonas mobilis subsp. mobilis ZM4 = ATCC 31821,264203,,,,,,,,,,other,,,Illumina HiSeq 2500,PAIRED,ILLUMINA,,,,SRX3316543,SRR6207258,PRJNA410416,2017-10-24 12:08:29
SRX3316544,,,,,,Zymomonas mobilis subsp. mobilis ZM4 = ATCC 31821,264203,,,,,,,,,,other,,,Illumina HiSeq 2500,PAIRED,ILLUMINA,,,,SRX3316544,SRR6207257,PRJNA410417,2017-10-24 12:05:12
SRX3316545,,,,,,Zymomonas mobilis subsp. mobilis ZM4 = ATCC 31821,264203,,,,,,,,,,other,,,Illumina HiSeq 2500,PAIRED,ILLUMINA,,,,SRX3316545,SRR6207256,PRJNA409950,2017-10-24 12:01:11
SRX3316546,,,,,,Zymomonas mobilis subsp. mobilis ZM4 = ATCC 31821,264203,,,,,,,,,,other,,,Illumina HiSeq 2500,PAIRED,ILLUMINA,,,,SRX3316546,SRR6207255,PRJNA409949,2017-10-24 12:14:13
SRX3316547,,,,,,Zymomonas mobilis subsp. mobilis ZM4 = ATCC 31821,264203,,,,,,,,,,other,,,Illumina HiSeq 2500,PAIRED,ILLUMINA,,,,SRX3316547,SRR6207254,PRJNA410419,2017-10-24 12:00:12
SRX3316548,,,,,,Zymomonas mobilis subsp. mobilis ZM4 = ATCC 31821,264203,,,,,,,,,,other,,,Illumina HiSeq 2500,PAIRED,ILLUMINA,,,,SRX3316548,SRR6207253,PRJNA409947,2017-10-24 12:14:13
SRX3316549,,,,,,Zymomonas mobilis subsp. mobilis ZM4 = ATCC 31821,264203,,,,,,,,,,other,,,Illumina HiSeq 2500,PAIRED,ILLUMINA,,,,SRX3316549,SRR6207252,PRJNA409946,2017-10-24 12:00:12
SRX3316550,,,,,,Zymomonas mobilis subsp. mobilis ZM4 = ATCC 31821,264203,,,,,,,,,,other,,,Illumina HiSeq 2500,PAIRED,ILLUMINA,,,,SRX3316550,SRR6207251,PRJNA410418,2017-10-24 12:24:11
SRX3316551,,,,,,Zymomonas mobilis subsp. mobilis ZM4 = ATCC 31821,264203,,,,,,,,,,other,,,Illumina HiSeq 2500,PAIRED,ILLUMINA,,,,SRX3316551,SRR6207250,PRJNA409970,2017-10-24 12:31:15
SRX3316552,,,,,,Zymomonas mobilis subsp. mobilis ZM4 = ATCC 31821,264203,,,,,,,,,,other,,,Illumina HiSeq 2500,PAIRED,ILLUMINA,,,,SRX3316552,SRR6207249,PRJNA410421,2017-10-24 12:05:12
SRX3316553,,,,,,Zymomonas mobilis subsp. mobilis ZM4 = ATCC 31821,264203,,,,,,,,,,other,,,Illumina HiSeq 2500,PAIRED,ILLUMINA,,,,SRX3316553,SRR6207248,PRJNA409975,2017-10-24 12:07:12
SRX3316554,,,,,,Zymomonas mobilis subsp. mobilis ZM4 = ATCC 31821,264203,,,,,,,,,,other,,,Illumina HiSeq 2500,PAIRED,ILLUMINA,,,,SRX3316554,SRR6207247,PRJNA410422,2017-10-24 12:12:14
SRX3316555,,,,,,Zymomonas mobilis subsp. mobilis ZM4 = ATCC 31821,264203,,,,,,,,,,other,,,Illumina HiSeq 2500,PAIRED,ILLUMINA,,,,SRX3316555,SRR6207246,PRJNA410415,2017-10-24 11:52:14
SRX3316556,,,,,,Zymomonas mobilis subsp. mobilis ZM4 = ATCC 31821,264203,,,,,,,,,,other,,,Illumina HiSeq 2500,PAIRED,ILLUMINA,,,,SRX3316556,SRR6207245,PRJNA409972,2017-10-24 12:01:12
SRX3316557,,,,,,Zymomonas mobilis subsp. mobilis ZM4 = ATCC 31821,264203,,,,,,,,,,other,,,Illumina HiSeq 2500,PAIRED,ILLUMINA,,,,SRX3316557,SRR6207244,PRJNA409956,2017-10-24 12:07:12
SRX3316558,,,,,,Zymomonas mobilis subsp. mobilis ZM4 = ATCC 31821,264203,,,,,,,,,,other,,,Illumina HiSeq 2500,PAIRED,ILLUMINA,,,,SRX3316558,SRR6207243,PRJNA409973,2017-10-24 12:00:12
SRX3316559,,,,,,Zymomonas mobilis subsp. mobilis ZM4 = ATCC 31821,264203,,,,,,,,,,other,,,Illumina HiSeq 2500,PAIRED,ILLUMINA,,,,SRX3316559,SRR6207242,PRJNA409974,2017-10-24 12:02:12
SRX3316560,,,,,,Zymomonas mobilis subsp. mobilis ZM4 = ATCC 31821,264203,,,,,,,,,,other,,,Illumina HiSeq 2500,PAIRED,ILLUMINA,,,,SRX3316560,SRR6207241,PRJNA410420,2017-10-24 12:07:12
SRX3316561,,,,,,Zymomonas mobilis subsp. mobilis ZM4 = ATCC 31821,264203,,,,,,,,,,other,,,Illumina HiSeq 2500,PAIRED,ILLUMINA,,,,SRX3316561,SRR6207240,PRJNA409954,2017-10-24 12:07:12
SRX3316625,,,,,,Zymomonas mobilis,542,,,,,,,,,,other,,,Illumina HiSeq 2500,PAIRED,ILLUMINA,,,,SRX3316625,SRR6207342,PRJNA410447,2017-10-24 12:19:15
SRX3316626,,,,,,Zymomonas mobilis,542,,,,,,,,,,other,,,Illumina HiSeq 2500,PAIRED,ILLUMINA,,,,SRX3316626,SRR6207341,PRJNA410449,2017-10-24 12:22:15
SRX3316627,,,,,,Zymomonas mobilis,542,,,,,,,,,,other,,,Illumina HiSeq 2500,PAIRED,ILLUMINA,,,,SRX3316627,SRR6207340,PRJNA410448,2017-10-24 12:19:15
SRX3316628,,,,,,Zymomonas mobilis,542,,,,,,,,,,other,,,Illumina HiSeq 2500,PAIRED,ILLUMINA,,,,SRX3316628,SRR6207339,PRJNA410451,2017-10-24 12:21:12
SRX3316629,,,,,,Zymomonas mobilis,542,,,,,,,,,,other,,,Illumina HiSeq 2500,PAIRED,ILLUMINA,,,,SRX3316629,SRR6207338,PRJNA410452,2017-10-24 12:28:11
SRX3316630,,,,,,Zymomonas mobilis,542,,,,,,,,,,other,,,Illumina HiSeq 2500,PAIRED,ILLUMINA,,,,SRX3316630,SRR6207337,PRJNA410445,2017-10-24 12:24:11
SRX3316631,,,,,,Zymomonas mobilis,542,,,,,,,,,,other,,,Illumina HiSeq 2500,PAIRED,ILLUMINA,,,,SRX3316631,SRR6207336,PRJNA410446,2017-10-24 12:32:13
SRX3316632,,,,,,Zymomonas mobilis,542,,,,,,,,,,other,,,Illumina HiSeq 2500,PAIRED,ILLUMINA,,,,SRX3316632,SRR6207335,PRJNA410453,2017-10-24 12:19:15
SRX3316633,,,,,,Zymomonas mobilis,542,,,,,,,,,,other,,,Illumina HiSeq 2500,PAIRED,ILLUMINA,,,,SRX3316633,SRR6207334,PRJNA410454,2017-10-24 12:18:12
SRX3316634,,,,,,Zymomonas mobilis,542,,,,,,,,,,other,,,Illumina HiSeq 2500,PAIRED,ILLUMINA,,,,SRX3316634,SRR6207333,PRJNA410450,2017-10-24 12:24:11
SRX3316735,,,,,,Zymomonas mobilis subsp. mobilis str. CP4 = NRRL B-14023,627343,,,,,,,,,,other,,,Illumina HiSeq 2500,PAIRED,ILLUMINA,,,,SRX3316735,SRR6207472,PRJNA410642,2017-10-24 13:19:12
SRX3316736,,,,,,Zymomonas mobilis subsp. mobilis str. CP4 = NRRL B-14023,627343,,,,,,,,,,other,,,Illumina HiSeq 2500,PAIRED,ILLUMINA,,,,SRX3316736,SRR6207471,PRJNA410641,2017-10-24 13:28:11
SRX3316737,,,,,,Zymomonas mobilis subsp. mobilis str. CP4 = NRRL B-14023,627343,,,,,,,,,,other,,,Illumina HiSeq 2500,PAIRED,ILLUMINA,,,,SRX3316737,SRR6207470,PRJNA410640,2017-10-24 13:26:12
SRX3316738,,,,,,Zymomonas mobilis subsp. mobilis str. CP4 = NRRL B-14023,627343,,,,,,,,,,other,,,Illumina HiSeq 2500,PAIRED,ILLUMINA,,,,SRX3316738,SRR6207469,PRJNA410639,2017-10-24 13:19:12
SRX3316739,,,,,,Zymomonas mobilis subsp. mobilis str. CP4 = NRRL B-14023,627343,,,,,,,,,,other,,,Illumina HiSeq 2500,PAIRED,ILLUMINA,,,,SRX3316739,SRR6207468,PRJNA410650,2017-10-24 13:17:14
SRX3316740,,,,,,Zymomonas mobilis subsp. mobilis str. CP4 = NRRL B-14023,627343,,,,,,,,,,other,,,Illumina HiSeq 2500,PAIRED,ILLUMINA,,,,SRX3316740,SRR6207467,PRJNA410652,2017-10-24 13:04:13
SRX3316741,,,,,,Zymomonas mobilis subsp. mobilis str. CP4 = NRRL B-14023,627343,,,,,,,,,,other,,,Illumina HiSeq 2500,PAIRED,ILLUMINA,,,,SRX3316741,SRR6207466,PRJNA410638,2017-10-24 13:36:12
SRX3316742,,,,,,Zymomonas mobilis subsp. mobilis str. CP4 = NRRL B-14023,627343,,,,,,,,,,other,,,Illumina HiSeq 2500,PAIRED,ILLUMINA,,,,SRX3316742,SRR6207465,PRJNA410649,2017-10-24 13:14:13
SRX3316743,,,,,,Zymomonas mobilis subsp. mobilis str. CP4 = NRRL B-14023,627343,,,,,,,,,,other,,,Illumina HiSeq 2500,PAIRED,ILLUMINA,,,,SRX3316743,SRR6207464,PRJNA410647,2017-10-24 13:21:14
SRX3316744,,,,,,Zymomonas mobilis subsp. mobilis str. CP4 = NRRL B-14023,627343,,,,,,,,,,other,,,Illumina HiSeq 2500,PAIRED,ILLUMINA,,,,SRX3316744,SRR6207463,PRJNA410653,2017-10-24 13:21:14
SRX3316745,,,,,,Zymomonas mobilis subsp. mobilis str. CP4 = NRRL B-14023,627343,,,,,,,,,,other,,,Illumina HiSeq 2500,PAIRED,ILLUMINA,,,,SRX3316745,SRR6207462,PRJNA410645,2017-10-24 13:11:14
SRX3316746,,,,,,Zymomonas mobilis subsp. mobilis str. CP4 = NRRL B-14023,627343,,,,,,,,,,other,,,Illumina HiSeq 2500,PAIRED,ILLUMINA,,,,SRX3316746,SRR6207461,PRJNA410644,2017-10-24 13:19:12
SRX3316747,,,,,,Zymomonas mobilis subsp. mobilis str. CP4 = NRRL B-14023,627343,,,,,,,,,,other,,,Illumina HiSeq 2500,PAIRED,ILLUMINA,,,,SRX3316747,SRR6207460,PRJNA410643,2017-10-24 13:11:14
SRX3316748,,,,,,Zymomonas mobilis subsp. mobilis str. CP4 = NRRL B-14023,627343,,,,,,,,,,other,,,Illumina HiSeq 2500,PAIRED,ILLUMINA,,,,SRX3316748,SRR6207459,PRJNA410648,2017-10-24 13:22:12
SRX3316749,,,,,,Zymomonas mobilis subsp. mobilis str. CP4 = NRRL B-14023,627343,,,,,,,,,,other,,,Illumina HiSeq 2500,PAIRED,ILLUMINA,,,,SRX3316749,SRR6207458,PRJNA410651,2017-10-24 13:11:14
SRX3316750,,,,,,Zymomonas mobilis subsp. mobilis str. CP4 = NRRL B-14023,627343,,,,,,,,,,other,,,Illumina HiSeq 2500,PAIRED,ILLUMINA,,,,SRX3316750,SRR6207457,PRJNA410646,2017-10-24 13:32:13
SRX3316751,,,,,,Zymomonas mobilis,542,,,,,,,,,,other,,,Illumina HiSeq 2500,PAIRED,ILLUMINA,,,,SRX3316751,SRR6207480,PRJNA410965,2017-10-24 13:04:13
SRX3316752,,,,,,Zymomonas mobilis,542,,,,,,,,,,other,,,Illumina HiSeq 2500,PAIRED,ILLUMINA,,,,SRX3316752,SRR6207479,PRJNA410964,2017-10-24 12:59:16
SRX3316753,,,,,,Zymomonas mobilis,542,,,,,,,,,,other,,,Illumina HiSeq 2500,PAIRED,ILLUMINA,,,,SRX3316753,SRR6207478,PRJNA410963,2017-10-24 13:11:14
SRX3316754,,,,,,Zymomonas mobilis,542,,,,,,,,,,other,,,Illumina HiSeq 2500,PAIRED,ILLUMINA,,,,SRX3316754,SRR6207477,PRJNA410968,2017-10-24 13:03:13
SRX3316755,,,,,,Zymomonas mobilis,542,,,,,,,,,,other,,,Illumina HiSeq 2500,PAIRED,ILLUMINA,,,,SRX3316755,SRR6207476,PRJNA410970,2017-10-24 13:19:12
SRX3316756,,,,,,Zymomonas mobilis,542,,,,,,,,,,other,,,Illumina HiSeq 2500,PAIRED,ILLUMINA,,,,SRX3316756,SRR6207475,PRJNA410966,2017-10-24 13:06:11
SRX3316757,,,,,,Zymomonas mobilis,542,,,,,,,,,,other,,,Illumina HiSeq 2500,PAIRED,ILLUMINA,,,,SRX3316757,SRR6207474,PRJNA410967,2017-10-24 13:04:13
SRX3316758,,,,,,Zymomonas mobilis,542,,,,,,,,,,other,,,Illumina HiSeq 2500,PAIRED,ILLUMINA,,,,SRX3316758,SRR6207473,PRJNA410969,2017-10-24 13:21:05
SRX3411505,,,,,,Zymomonas mobilis,542,,,,,,,,,,cDNA,,,NextSeq 500,PAIRED,ILLUMINA,,,,SRX3411505,SRR6311239,PRJNA419246,2020-03-25 17:12:42
SRX3411506,,,,,,Zymomonas mobilis,542,,,,,,,,,,cDNA,,,NextSeq 500,PAIRED,ILLUMINA,,,,SRX3411506,SRR6311240,PRJNA419246,2020-03-25 17:12:42
SRX3411507,,,,,,Zymomonas mobilis,542,,,,,,,,,,cDNA,,,NextSeq 500,PAIRED,ILLUMINA,,,,SRX3411507,SRR6311241,PRJNA419246,2020-03-25 17:12:42
SRX3411508,,,,,,Zymomonas mobilis,542,,,,,,,,,,cDNA,,,NextSeq 500,PAIRED,ILLUMINA,,,,SRX3411508,SRR6311242,PRJNA419246,2020-03-25 17:12:42
SRX3411509,,,,,,Zymomonas mobilis,542,,,,,,,,,,cDNA,,,NextSeq 500,PAIRED,ILLUMINA,,,,SRX3411509,SRR6311243,PRJNA419246,2020-03-25 17:12:42
SRX3411510,,,,,,Zymomonas mobilis,542,,,,,,,,,,cDNA,,,NextSeq 500,PAIRED,ILLUMINA,,,,SRX3411510,SRR6311244,PRJNA419246,2020-03-25 17:12:42
SRX3411511,,,,,,Zymomonas mobilis,542,,,,,,,,,,cDNA,,,NextSeq 500,PAIRED,ILLUMINA,,,,SRX3411511,SRR6311245,PRJNA419246,2020-03-25 17:12:42
SRX3411512,,,,,,Zymomonas mobilis,542,,,,,,,,,,cDNA,,,NextSeq 500,PAIRED,ILLUMINA,,,,SRX3411512,SRR6311246,PRJNA419246,2020-03-25 17:12:42
SRX3411513,,,,,,Zymomonas mobilis,542,,,,,,,,,,cDNA,,,NextSeq 500,PAIRED,ILLUMINA,,,,SRX3411513,SRR6311247,PRJNA419246,2020-03-25 17:12:42
SRX3411514,,,,,,Zymomonas mobilis,542,,,,,,,,,,cDNA,,,NextSeq 500,PAIRED,ILLUMINA,,,,SRX3411514,SRR6311248,PRJNA419247,2020-03-25 17:12:44
SRX3411515,,,,,,Zymomonas mobilis,542,,,,,,,,,,cDNA,,,NextSeq 500,PAIRED,ILLUMINA,,,,SRX3411515,SRR6311249,PRJNA419247,2020-03-25 17:12:44
SRX3411516,,,,,,Zymomonas mobilis,542,,,,,,,,,,cDNA,,,NextSeq 500,PAIRED,ILLUMINA,,,,SRX3411516,SRR6311250,PRJNA419247,2020-03-25 17:12:44
SRX3411517,,,,,,Zymomonas mobilis,542,,,,,,,,,,cDNA,,,NextSeq 500,PAIRED,ILLUMINA,,,,SRX3411517,SRR6311251,PRJNA419247,2020-03-25 17:12:44
SRX3411518,,,,,,Zymomonas mobilis,542,,,,,,,,,,cDNA,,,NextSeq 500,PAIRED,ILLUMINA,,,,SRX3411518,SRR6311252,PRJNA419247,2020-03-25 17:12:44
SRX3411519,,,,,,Zymomonas mobilis,542,,,,,,,,,,cDNA,,,NextSeq 500,PAIRED,ILLUMINA,,,,SRX3411519,SRR6311253,PRJNA419247,2020-03-25 17:12:44
SRX3411520,,,,,,Zymomonas mobilis,542,,,,,,,,,,cDNA,,,NextSeq 500,PAIRED,ILLUMINA,,,,SRX3411520,SRR6311254,PRJNA419247,2020-03-25 17:12:44
SRX3411521,,,,,,Zymomonas mobilis,542,,,,,,,,,,cDNA,,,NextSeq 500,PAIRED,ILLUMINA,,,,SRX3411521,SRR6311255,PRJNA419247,2020-03-25 17:12:44
SRX3411522,,,,,,Zymomonas mobilis,542,,,,,,,,,,cDNA,,,NextSeq 500,PAIRED,ILLUMINA,,,,SRX3411522,SRR6311256,PRJNA419247,2020-03-25 17:12:44
SRX3411523,,,,,,Zymomonas mobilis,542,,,,,,,,,,cDNA,,,NextSeq 500,PAIRED,ILLUMINA,,,,SRX3411523,SRR6311257,PRJNA419247,2020-03-25 17:12:44
SRX3411524,,,,,,Zymomonas mobilis,542,,,,,,,,,,cDNA,,,NextSeq 500,PAIRED,ILLUMINA,,,,SRX3411524,SRR6311258,PRJNA419247,2020-03-25 17:12:44
SRX3411525,,,,,,Zymomonas mobilis,542,,,,,,,,,,cDNA,,,NextSeq 500,PAIRED,ILLUMINA,,,,SRX3411525,SRR6311259,PRJNA419247,2020-03-25 17:12:44
SRX3541437,,,,,,Zymomonas mobilis subsp. mobilis,120045,,,,,,,,,,cDNA,,,Illumina HiSeq 2000,PAIRED,ILLUMINA,,,,SRX3541437,SRR6450459,PRJNA429034,2018-05-09 18:35:20
SRX3541438,,,,,,Zymomonas mobilis subsp. mobilis,120045,,,,,,,,,,cDNA,,,Illumina HiSeq 2000,PAIRED,ILLUMINA,,,,SRX3541438,SRR6450460,PRJNA429034,2018-05-09 18:35:20
SRX3541439,,,,,,Zymomonas mobilis subsp. mobilis,120045,,,,,,,,,,cDNA,,,Illumina HiSeq 2000,PAIRED,ILLUMINA,,,,SRX3541439,SRR6450461,PRJNA429034,2018-05-09 18:35:20
SRX3541440,,,,,,Zymomonas mobilis subsp. mobilis,120045,,,,,,,,,,cDNA,,,Illumina HiSeq 2000,PAIRED,ILLUMINA,,,,SRX3541440,SRR6450462,PRJNA429034,2018-05-09 18:35:20
SRX3541441,,,,,,Zymomonas mobilis subsp. mobilis,120045,,,,,,,,,,cDNA,,,Illumina HiSeq 2000,PAIRED,ILLUMINA,,,,SRX3541441,SRR6450463,PRJNA429034,2018-05-09 18:35:20
SRX3541442,,,,,,Zymomonas mobilis subsp. mobilis,120045,,,,,,,,,,cDNA,,,Illumina HiSeq 2000,PAIRED,ILLUMINA,,,,SRX3541442,SRR6450464,PRJNA429034,2018-05-09 18:35:20
SRX3541443,,,,,,Zymomonas mobilis subsp. mobilis,120045,,,,,,,,,,cDNA,,,Illumina HiSeq 2000,PAIRED,ILLUMINA,,,,SRX3541443,SRR6450465,PRJNA429034,2018-05-09 18:35:20
SRX3541444,,,,,,Zymomonas mobilis subsp. mobilis,120045,,,,,,,,,,cDNA,,,Illumina HiSeq 2000,PAIRED,ILLUMINA,,,,SRX3541444,SRR6450466,PRJNA429034,2018-05-09 18:35:20
SRX3541445,,,,,,Zymomonas mobilis subsp. mobilis,120045,,,,,,,,,,cDNA,,,Illumina HiSeq 2000,PAIRED,ILLUMINA,,,,SRX3541445,SRR6450467,PRJNA429034,2018-05-09 18:35:20
SRX3541446,,,,,,Zymomonas mobilis subsp. mobilis,120045,,,,,,,,,,cDNA,,,Illumina HiSeq 2000,PAIRED,ILLUMINA,,,,SRX3541446,SRR6450468,PRJNA429034,2018-05-09 18:35:20
SRX3541447,,,,,,Zymomonas mobilis subsp. mobilis,120045,,,,,,,,,,cDNA,,,Illumina HiSeq 2000,PAIRED,ILLUMINA,,,,SRX3541447,SRR6450469,PRJNA429034,2018-05-09 18:35:20
SRX3541448,,,,,,Zymomonas mobilis subsp. mobilis,120045,,,,,,,,,,cDNA,,,Illumina HiSeq 2000,PAIRED,ILLUMINA,,,,SRX3541448,SRR6450470,PRJNA429034,2018-05-09 18:35:20
SRX3541449,,,,,,Zymomonas mobilis subsp. mobilis,120045,,,,,,,,,,cDNA,,,Illumina HiSeq 2000,PAIRED,ILLUMINA,,,,SRX3541449,SRR6450471,PRJNA429034,2018-05-09 18:35:20
SRX3541450,,,,,,Zymomonas mobilis subsp. mobilis,120045,,,,,,,,,,cDNA,,,Illumina HiSeq 2000,PAIRED,ILLUMINA,,,,SRX3541450,SRR6450472,PRJNA429034,2018-05-09 18:35:20
SRX3541451,,,,,,Zymomonas mobilis subsp. mobilis,120045,,,,,,,,,,cDNA,,,Illumina HiSeq 2000,PAIRED,ILLUMINA,,,,SRX3541451,SRR6450473,PRJNA429034,2018-05-09 18:35:20
SRX3541452,,,,,,Zymomonas mobilis subsp. mobilis,120045,,,,,,,,,,cDNA,,,Illumina HiSeq 2000,PAIRED,ILLUMINA,,,,SRX3541452,SRR6450474,PRJNA429034,2018-05-09 18:35:20
SRX3541453,,,,,,Zymomonas mobilis subsp. mobilis,120045,,,,,,,,,,cDNA,,,Illumina HiSeq 2000,PAIRED,ILLUMINA,,,,SRX3541453,SRR6450475,PRJNA429034,2018-05-09 18:35:20
SRX5252024,,,,,,Zymomonas mobilis subsp. mobilis ZM4 = ATCC 31821,264203,,,,,,,,,,cDNA,,,Illumina HiSeq 2500,SINGLE,ILLUMINA,,,,SRX5252024,SRR8444891,PRJNA515282,2019-01-23 17:35:17
SRX5252025,,,,,,Zymomonas mobilis subsp. mobilis ZM4 = ATCC 31821,264203,,,,,,,,,,cDNA,,,Illumina HiSeq 2500,SINGLE,ILLUMINA,,,,SRX5252025,SRR8444892,PRJNA515282,2019-01-23 17:35:17
SRX5252026,,,,,,Zymomonas mobilis subsp. mobilis ZM4 = ATCC 31821,264203,,,,,,,,,,cDNA,,,Illumina HiSeq 2500,SINGLE,ILLUMINA,,,,SRX5252026,SRR8444893,PRJNA515282,2019-01-23 17:35:17
SRX5252027,,,,,,Zymomonas mobilis subsp. mobilis ZM4 = ATCC 31821,264203,,,,,,,,,,cDNA,,,Illumina HiSeq 2500,SINGLE,ILLUMINA,,,,SRX5252027,SRR8444894,PRJNA515282,2019-01-23 17:35:17
SRX5252028,,,,,,Zymomonas mobilis subsp. mobilis ZM4 = ATCC 31821,264203,,,,,,,,,,cDNA,,,Illumina HiSeq 2500,SINGLE,ILLUMINA,,,,SRX5252028,SRR8444895,PRJNA515282,2019-01-23 17:35:17
SRX5252029,,,,,,Zymomonas mobilis subsp. mobilis ZM4 = ATCC 31821,264203,,,,,,,,,,cDNA,,,Illumina HiSeq 2500,SINGLE,ILLUMINA,,,,SRX5252029,SRR8444896,PRJNA515282,2019-01-23 17:35:17
SRX5252030,,,,,,Zymomonas mobilis subsp. mobilis ZM4 = ATCC 31821,264203,,,,,,,,,,cDNA,,,Illumina HiSeq 2500,SINGLE,ILLUMINA,,,,SRX5252030,SRR8444897,PRJNA515282,2019-01-23 17:35:17
SRX5252031,,,,,,Zymomonas mobilis subsp. mobilis ZM4 = ATCC 31821,264203,,,,,,,,,,cDNA,,,Illumina HiSeq 2500,SINGLE,ILLUMINA,,,,SRX5252031,SRR8444898,PRJNA515282,2019-01-23 17:35:17
SRX5252032,,,,,,Zymomonas mobilis subsp. mobilis ZM4 = ATCC 31821,264203,,,,,,,,,,cDNA,,,Illumina HiSeq 2500,SINGLE,ILLUMINA,,,,SRX5252032,SRR8444899,PRJNA515282,2019-01-23 17:35:17
SRX5252033,,,,,,Zymomonas mobilis subsp. mobilis ZM4 = ATCC 31821,264203,,,,,,,,,,cDNA,,,Illumina HiSeq 2500,SINGLE,ILLUMINA,,,,SRX5252033,SRR8444900,PRJNA515282,2019-01-23 17:35:17
SRX5252034,,,,,,Zymomonas mobilis subsp. mobilis ZM4 = ATCC 31821,264203,,,,,,,,,,cDNA,,,Illumina HiSeq 2500,SINGLE,ILLUMINA,,,,SRX5252034,SRR8444901,PRJNA515282,2019-01-23 17:35:17
SRX5252035,,,,,,Zymomonas mobilis subsp. mobilis ZM4 = ATCC 31821,264203,,,,,,,,,,cDNA,,,Illumina HiSeq 2500,SINGLE,ILLUMINA,,,,SRX5252035,SRR8444902,PRJNA515282,2019-01-23 17:35:17
SRX5252036,,,,,,Zymomonas mobilis subsp. mobilis ZM4 = ATCC 31821,264203,,,,,,,,,,cDNA,,,Illumina HiSeq 2500,SINGLE,ILLUMINA,,,,SRX5252036,SRR8444903,PRJNA515282,2019-01-23 17:35:17
SRX5252037,,,,,,Zymomonas mobilis subsp. mobilis ZM4 = ATCC 31821,264203,,,,,,,,,,cDNA,,,Illumina HiSeq 2500,SINGLE,ILLUMINA,,,,SRX5252037,SRR8444904,PRJNA515282,2019-01-23 17:35:17
SRX5252038,,,,,,Zymomonas mobilis subsp. mobilis ZM4 = ATCC 31821,264203,,,,,,,,,,cDNA,,,Illumina HiSeq 2500,SINGLE,ILLUMINA,,,,SRX5252038,SRR8444905,PRJNA515282,2019-01-23 17:35:17
SRX5252039,,,,,,Zymomonas mobilis subsp. mobilis ZM4 = ATCC 31821,264203,,,,,,,,,,cDNA,,,Illumina HiSeq 2500,SINGLE,ILLUMINA,,,,SRX5252039,SRR8444906,PRJNA515282,2019-01-23 17:35:17
SRX5252040,,,,,,Zymomonas mobilis subsp. mobilis ZM4 = ATCC 31821,264203,,,,,,,,,,cDNA,,,Illumina HiSeq 2500,SINGLE,ILLUMINA,,,,SRX5252040,SRR8444907,PRJNA515282,2019-01-23 17:35:17
SRX5252041,,,,,,Zymomonas mobilis subsp. mobilis ZM4 = ATCC 31821,264203,,,,,,,,,,cDNA,,,Illumina HiSeq 2500,SINGLE,ILLUMINA,,,,SRX5252041,SRR8444908,PRJNA515282,2019-01-23 17:35:17
SRX5252042,,,,,,Zymomonas mobilis subsp. mobilis ZM4 = ATCC 31821,264203,,,,,,,,,,cDNA,,,Illumina HiSeq 2500,SINGLE,ILLUMINA,,,,SRX5252042,SRR8444909,PRJNA515282,2019-01-23 17:35:17
SRX5252043,,,,,,Zymomonas mobilis subsp. mobilis ZM4 = ATCC 31821,264203,,,,,,,,,,cDNA,,,Illumina HiSeq 2500,SINGLE,ILLUMINA,,,,SRX5252043,SRR8444910,PRJNA515282,2019-01-23 17:35:17
SRX5252044,,,,,,Zymomonas mobilis subsp. mobilis ZM4 = ATCC 31821,264203,,,,,,,,,,cDNA,,,Illumina HiSeq 2500,SINGLE,ILLUMINA,,,,SRX5252044,SRR8444911,PRJNA515282,2019-01-23 17:35:17
SRX5252045,,,,,,Zymomonas mobilis subsp. mobilis ZM4 = ATCC 31821,264203,,,,,,,,,,cDNA,,,Illumina HiSeq 2500,SINGLE,ILLUMINA,,,,SRX5252045,SRR8444912,PRJNA515282,2019-01-23 17:35:17
SRX5252046,,,,,,Zymomonas mobilis subsp. mobilis ZM4 = ATCC 31821,264203,,,,,,,,,,cDNA,,,Illumina HiSeq 2500,SINGLE,ILLUMINA,,,,SRX5252046,SRR8444913,PRJNA515282,2019-01-23 17:35:17
SRX5252047,,,,,,Zymomonas mobilis subsp. mobilis ZM4 = ATCC 31821,264203,,,,,,,,,,cDNA,,,Illumina HiSeq 2500,SINGLE,ILLUMINA,,,,SRX5252047,SRR8444914,PRJNA515282,2019-01-23 17:35:17
SRX5252048,,,,,,Zymomonas mobilis subsp. mobilis ZM4 = ATCC 31821,264203,,,,,,,,,,cDNA,,,Illumina HiSeq 2500,SINGLE,ILLUMINA,,,,SRX5252048,SRR8444915,PRJNA515282,2019-01-23 17:35:17
SRX5252049,,,,,,Zymomonas mobilis subsp. mobilis ZM4 = ATCC 31821,264203,,,,,,,,,,cDNA,,,Illumina HiSeq 2500,SINGLE,ILLUMINA,,,,SRX5252049,SRR8444916,PRJNA515282,2019-01-23 17:35:17
SRX5252050,,,,,,Zymomonas mobilis subsp. mobilis ZM4 = ATCC 31821,264203,,,,,,,,,,cDNA,,,Illumina HiSeq 2500,SINGLE,ILLUMINA,,,,SRX5252050,SRR8444917,PRJNA515282,2019-01-23 17:35:17
SRX5252051,,,,,,Zymomonas mobilis subsp. mobilis ZM4 = ATCC 31821,264203,,,,,,,,,,cDNA,,,Illumina HiSeq 2500,SINGLE,ILLUMINA,,,,SRX5252051,SRR8444918,PRJNA515282,2019-01-23 17:35:17
SRX5252052,,,,,,Zymomonas mobilis subsp. mobilis ZM4 = ATCC 31821,264203,,,,,,,,,,cDNA,,,Illumina HiSeq 2500,SINGLE,ILLUMINA,,,,SRX5252052,SRR8444919,PRJNA515282,2019-01-23 17:35:18
SRX5252053,,,,,,Zymomonas mobilis subsp. mobilis ZM4 = ATCC 31821,264203,,,,,,,,,,cDNA,,,Illumina HiSeq 2500,SINGLE,ILLUMINA,,,,SRX5252053,SRR8444920,PRJNA515282,2019-01-23 17:35:18
SRX5252054,,,,,,Zymomonas mobilis subsp. mobilis ZM4 = ATCC 31821,264203,,,,,,,,,,cDNA,,,Illumina HiSeq 2500,SINGLE,ILLUMINA,,,,SRX5252054,SRR8444921,PRJNA515282,2019-01-23 17:35:18
SRX5252055,,,,,,Zymomonas mobilis subsp. mobilis ZM4 = ATCC 31821,264203,,,,,,,,,,cDNA,,,Illumina HiSeq 2500,SINGLE,ILLUMINA,,,,SRX5252055,SRR8444922,PRJNA515282,2019-01-23 17:35:18
SRX5252056,,,,,,Zymomonas mobilis subsp. mobilis ZM4 = ATCC 31821,264203,,,,,,,,,,cDNA,,,Illumina HiSeq 2500,SINGLE,ILLUMINA,,,,SRX5252056,SRR8444923,PRJNA515282,2019-01-23 17:35:18
SRX5252057,,,,,,Zymomonas mobilis subsp. mobilis ZM4 = ATCC 31821,264203,,,,,,,,,,cDNA,,,Illumina HiSeq 2500,SINGLE,ILLUMINA,,,,SRX5252057,SRR8444924,PRJNA515282,2019-01-23 17:35:18
SRX5252058,,,,,,Zymomonas mobilis subsp. mobilis ZM4 = ATCC 31821,264203,,,,,,,,,,cDNA,,,Illumina HiSeq 2500,SINGLE,ILLUMINA,,,,SRX5252058,SRR8444925,PRJNA515282,2019-01-23 17:35:18
SRX5252059,,,,,,Zymomonas mobilis subsp. mobilis ZM4 = ATCC 31821,264203,,,,,,,,,,cDNA,,,Illumina HiSeq 2500,SINGLE,ILLUMINA,,,,SRX5252059,SRR8444926,PRJNA515282,2019-01-23 17:35:18
SRX5252060,,,,,,Zymomonas mobilis subsp. mobilis ZM4 = ATCC 31821,264203,,,,,,,,,,cDNA,,,Illumina HiSeq 2500,SINGLE,ILLUMINA,,,,SRX5252060,SRR8444927,PRJNA515282,2019-01-23 17:35:18
SRX5252061,,,,,,Zymomonas mobilis subsp. mobilis ZM4 = ATCC 31821,264203,,,,,,,,,,cDNA,,,Illumina HiSeq 2500,SINGLE,ILLUMINA,,,,SRX5252061,SRR8444928,PRJNA515282,2019-01-23 17:35:18
SRX5329169,,,,,,Zymomonas mobilis,542,,,,,,,,,,other,,,Illumina HiSeq 2500,PAIRED,ILLUMINA,,,,SRX5329169,SRR8526359,PRJNA457135,2019-02-04 06:44:12
SRX5329170,,,,,,Zymomonas mobilis,542,,,,,,,,,,other,,,Illumina HiSeq 2500,PAIRED,ILLUMINA,,,,SRX5329170,SRR8526358,PRJNA457134,2019-02-04 06:44:12
SRX5329171,,,,,,Zymomonas mobilis,542,,,,,,,,,,other,,,Illumina HiSeq 2500,PAIRED,ILLUMINA,,,,SRX5329171,SRR8526357,PRJNA457122,2019-02-04 06:46:14
SRX5329172,,,,,,Zymomonas mobilis,542,,,,,,,,,,other,,,Illumina HiSeq 2500,PAIRED,ILLUMINA,,,,SRX5329172,SRR8526356,PRJNA457124,2019-02-04 06:48:12
SRX5329173,,,,,,Zymomonas mobilis,542,,,,,,,,,,other,,,Illumina HiSeq 2500,PAIRED,ILLUMINA,,,,SRX5329173,SRR8526355,PRJNA457140,2019-02-04 06:46:14
SRX5329174,,,,,,Zymomonas mobilis,542,,,,,,,,,,other,,,Illumina HiSeq 2500,PAIRED,ILLUMINA,,,,SRX5329174,SRR8526354,PRJNA457125,2019-02-04 06:47:11
SRX5329175,,,,,,Zymomonas mobilis,542,,,,,,,,,,other,,,Illumina HiSeq 2500,PAIRED,ILLUMINA,,,,SRX5329175,SRR8526353,PRJNA457127,2019-02-04 06:46:14
SRX5329176,,,,,,Zymomonas mobilis,542,,,,,,,,,,other,,,Illumina HiSeq 2500,PAIRED,ILLUMINA,,,,SRX5329176,SRR8526352,PRJNA457126,2019-02-04 06:46:15
SRX5329177,,,,,,Zymomonas mobilis,542,,,,,,,,,,other,,,Illumina HiSeq 2500,PAIRED,ILLUMINA,,,,SRX5329177,SRR8526351,PRJNA457123,2019-02-04 07:04:12
SRX5329178,,,,,,Zymomonas mobilis,542,,,,,,,,,,other,,,Illumina HiSeq 2500,PAIRED,ILLUMINA,,,,SRX5329178,SRR8526350,PRJNA457128,2019-02-04 06:43:12
SRX5329179,,,,,,Zymomonas mobilis,542,,,,,,,,,,other,,,Illumina HiSeq 2500,PAIRED,ILLUMINA,,,,SRX5329179,SRR8526349,PRJNA457136,2019-02-04 06:46:15
SRX5329180,,,,,,Zymomonas mobilis,542,,,,,,,,,,other,,,Illumina HiSeq 2500,PAIRED,ILLUMINA,,,,SRX5329180,SRR8526348,PRJNA457131,2019-02-04 06:46:15
SRX5329181,,,,,,Zymomonas mobilis,542,,,,,,,,,,other,,,Illumina HiSeq 2500,PAIRED,ILLUMINA,,,,SRX5329181,SRR8526347,PRJNA457139,2019-02-04 06:46:15
SRX5329182,,,,,,Zymomonas mobilis,542,,,,,,,,,,other,,,Illumina HiSeq 2500,PAIRED,ILLUMINA,,,,SRX5329182,SRR8526346,PRJNA457138,2019-02-04 06:43:12
SRX5329183,,,,,,Zymomonas mobilis,542,,,,,,,,,,other,,,Illumina HiSeq 2500,PAIRED,ILLUMINA,,,,SRX5329183,SRR8526345,PRJNA457121,2019-02-04 06:46:15
SRX5329184,,,,,,Zymomonas mobilis,542,,,,,,,,,,other,,,Illumina HiSeq 2500,PAIRED,ILLUMINA,,,,SRX5329184,SRR8526344,PRJNA457120,2019-02-04 06:50:11
SRX5329185,,,,,,Zymomonas mobilis,542,,,,,,,,,,other,,,Illumina HiSeq 2500,PAIRED,ILLUMINA,,,,SRX5329185,SRR8526343,PRJNA457141,2019-02-04 06:41:11
SRX5329186,,,,,,Zymomonas mobilis,542,,,,,,,,,,other,,,Illumina HiSeq 2500,PAIRED,ILLUMINA,,,,SRX5329186,SRR8526342,PRJNA457143,2019-02-04 06:46:15
SRX5329187,,,,,,Zymomonas mobilis,542,,,,,,,,,,other,,,Illumina HiSeq 2500,PAIRED,ILLUMINA,,,,SRX5329187,SRR8526341,PRJNA457142,2019-02-04 06:42:12
SRX5329188,,,,,,Zymomonas mobilis,542,,,,,,,,,,other,,,Illumina HiSeq 2500,PAIRED,ILLUMINA,,,,SRX5329188,SRR8526340,PRJNA457137,2019-02-04 06:46:15
SRX5329189,,,,,,Zymomonas mobilis,542,,,,,,,,,,other,,,Illumina HiSeq 2500,PAIRED,ILLUMINA,,,,SRX5329189,SRR8526339,PRJNA457133,2019-02-04 06:46:15
SRX5329190,,,,,,Zymomonas mobilis,542,,,,,,,,,,other,,,Illumina HiSeq 2500,PAIRED,ILLUMINA,,,,SRX5329190,SRR8526338,PRJNA457132,2019-02-04 06:46:15
SRX5329191,,,,,,Zymomonas mobilis,542,,,,,,,,,,other,,,Illumina HiSeq 2500,PAIRED,ILLUMINA,,,,SRX5329191,SRR8526337,PRJNA457144,2019-02-04 06:47:11
SRX5329192,,,,,,Zymomonas mobilis,542,,,,,,,,,,other,,,Illumina HiSeq 2500,PAIRED,ILLUMINA,,,,SRX5329192,SRR8526336,PRJNA457145,2019-02-04 06:46:15
SRX5329193,,,,,,Zymomonas mobilis,542,,,,,,,,,,other,,,Illumina HiSeq 2500,PAIRED,ILLUMINA,,,,SRX5329193,SRR8526335,PRJNA457130,2019-02-04 06:43:12
SRX5329194,,,,,,Zymomonas mobilis,542,,,,,,,,,,other,,,Illumina HiSeq 2500,PAIRED,ILLUMINA,,,,SRX5329194,SRR8526334,PRJNA457129,2019-02-04 06:47:11
SRX6700162,,,,,,Zymomonas mobilis subsp. mobilis,120045,,,,,,,,,,cDNA,,,Illumina HiSeq 2500,PAIRED,ILLUMINA,,,,SRX6700162,SRR9951795,PRJNA559842,2019-10-29 17:07:21
SRX6700163,,,,,,Zymomonas mobilis subsp. mobilis,120045,,,,,,,,,,cDNA,,,Illumina HiSeq 2500,PAIRED,ILLUMINA,,,,SRX6700163,SRR9951796,PRJNA559842,2019-10-29 17:07:21
SRX6700164,,,,,,Zymomonas mobilis subsp. mobilis,120045,,,,,,,,,,cDNA,,,Illumina HiSeq 2500,PAIRED,ILLUMINA,,,,SRX6700164,SRR9951797,PRJNA559842,2019-10-29 17:07:21
SRX6700165,,,,,,Zymomonas mobilis subsp. mobilis,120045,,,,,,,,,,cDNA,,,Illumina HiSeq 2500,PAIRED,ILLUMINA,,,,SRX6700165,SRR9951798,PRJNA559842,2019-10-29 17:07:21
SRX6700166,,,,,,Zymomonas mobilis subsp. mobilis,120045,,,,,,,,,,cDNA,,,Illumina HiSeq 2500,PAIRED,ILLUMINA,,,,SRX6700166,SRR9951799,PRJNA559842,2019-10-29 17:07:21
SRX6700167,,,,,,Zymomonas mobilis subsp. mobilis,120045,,,,,,,,,,cDNA,,,Illumina HiSeq 2500,PAIRED,ILLUMINA,,,,SRX6700167,SRR9951800,PRJNA559842,2019-10-29 17:07:21
SRX6700168,,,,,,Zymomonas mobilis subsp. mobilis,120045,,,,,,,,,,cDNA,,,Illumina HiSeq 2500,PAIRED,ILLUMINA,,,,SRX6700168,SRR9951801,PRJNA559842,2019-10-29 17:07:21
SRX6700169,,,,,,Zymomonas mobilis subsp. mobilis,120045,,,,,,,,,,cDNA,,,Illumina HiSeq 2500,PAIRED,ILLUMINA,,,,SRX6700169,SRR9951802,PRJNA559842,2019-10-29 17:07:21
SRX6700170,,,,,,Zymomonas mobilis subsp. mobilis,120045,,,,,,,,,,cDNA,,,Illumina HiSeq 2500,PAIRED,ILLUMINA,,,,SRX6700170,SRR9951803,PRJNA559842,2019-10-29 17:07:21
SRX6700171,,,,,,Zymomonas mobilis subsp. mobilis,120045,,,,,,,,,,cDNA,,,Illumina HiSeq 2500,PAIRED,ILLUMINA,,,,SRX6700171,SRR9951804,PRJNA559842,2019-10-29 17:07:22
SRX6700172,,,,,,Zymomonas mobilis subsp. mobilis,120045,,,,,,,,,,cDNA,,,Illumina HiSeq 2500,PAIRED,ILLUMINA,,,,SRX6700172,SRR9951805,PRJNA559842,2019-10-29 17:07:22
SRX6700173,,,,,,Zymomonas mobilis subsp. mobilis,120045,,,,,,,,,,cDNA,,,Illumina HiSeq 2500,PAIRED,ILLUMINA,,,,SRX6700173,SRR9951806,PRJNA559842,2019-10-29 17:07:22
SRX6700174,,,,,,Zymomonas mobilis subsp. mobilis,120045,,,,,,,,,,cDNA,,,Illumina HiSeq 2500,PAIRED,ILLUMINA,,,,SRX6700174,SRR9951807,PRJNA559842,2019-10-29 17:07:22
SRX6700175,,,,,,Zymomonas mobilis subsp. mobilis,120045,,,,,,,,,,cDNA,,,Illumina HiSeq 2500,PAIRED,ILLUMINA,,,,SRX6700175,SRR9951808,PRJNA559842,2019-10-29 17:07:22
SRX6700176,,,,,,Zymomonas mobilis subsp. mobilis,120045,,,,,,,,,,cDNA,,,Illumina HiSeq 2500,PAIRED,ILLUMINA,,,,SRX6700176,SRR9951809,PRJNA559842,2019-10-29 17:07:22
SRX6700177,,,,,,Zymomonas mobilis subsp. mobilis,120045,,,,,,,,,,cDNA,,,Illumina HiSeq 2500,PAIRED,ILLUMINA,,,,SRX6700177,SRR9951810,PRJNA559842,2019-10-29 17:07:22
SRX6700178,,,,,,Zymomonas mobilis subsp. mobilis,120045,,,,,,,,,,cDNA,,,Illumina HiSeq 2500,PAIRED,ILLUMINA,,,,SRX6700178,SRR9951811,PRJNA559842,2019-10-29 17:07:22
SRX6700179,,,,,,Zymomonas mobilis subsp. mobilis,120045,,,,,,,,,,cDNA,,,Illumina HiSeq 2500,PAIRED,ILLUMINA,,,,SRX6700179,SRR9951812,PRJNA559842,2019-10-29 17:07:22
SRX6700180,,,,,,Zymomonas mobilis subsp. mobilis,120045,,,,,,,,,,cDNA,,,Illumina HiSeq 2500,PAIRED,ILLUMINA,,,,SRX6700180,SRR9951813,PRJNA559842,2019-10-29 17:07:22
SRX6700181,,,,,,Zymomonas mobilis subsp. mobilis,120045,,,,,,,,,,cDNA,,,Illumina HiSeq 2500,PAIRED,ILLUMINA,,,,SRX6700181,SRR9951814,PRJNA559842,2019-10-29 17:07:22
SRX6700182,,,,,,Zymomonas mobilis subsp. mobilis,120045,,,,,,,,,,cDNA,,,Illumina HiSeq 2500,PAIRED,ILLUMINA,,,,SRX6700182,SRR9951815,PRJNA559842,2019-10-29 17:07:22
SRX6700183,,,,,,Zymomonas mobilis subsp. mobilis,120045,,,,,,,,,,cDNA,,,Illumina HiSeq 2500,PAIRED,ILLUMINA,,,,SRX6700183,SRR9951816,PRJNA559842,2019-10-29 17:07:22
SRX6700184,,,,,,Zymomonas mobilis subsp. mobilis,120045,,,,,,,,,,cDNA,,,Illumina HiSeq 2500,PAIRED,ILLUMINA,,,,SRX6700184,SRR9951817,PRJNA559842,2019-10-29 17:07:22
SRX6700185,,,,,,Zymomonas mobilis subsp. mobilis,120045,,,,,,,,,,cDNA,,,Illumina HiSeq 2500,PAIRED,ILLUMINA,,,,SRX6700185,SRR9951818,PRJNA559842,2019-10-29 17:07:22
SRX6922015,,,,,,Zymomonas mobilis subsp. mobilis ZM4 = ATCC 31821,264203,,,,,,,,,,RANDOM,,,HiSeq X Ten,PAIRED,ILLUMINA,,,,SRX6922015,SRR10201887,PRJNA574908,2024-07-11 00:11:34
SRX6922016,,,,,,Zymomonas mobilis subsp. mobilis ZM4 = ATCC 31821,264203,,,,,,,,,,RANDOM,,,HiSeq X Ten,PAIRED,ILLUMINA,,,,SRX6922016,SRR10201886,PRJNA574908,2024-07-11 00:11:35
SRX6922017,,,,,,Zymomonas mobilis subsp. mobilis ZM4 = ATCC 31821,264203,,,,,,,,,,RANDOM,,,HiSeq X Ten,PAIRED,ILLUMINA,,,,SRX6922017,SRR10201885,PRJNA574908,2024-07-11 00:11:35
SRX6922018,,,,,,Zymomonas mobilis subsp. mobilis ZM4 = ATCC 31821,264203,,,,,,,,,,RANDOM,,,HiSeq X Ten,PAIRED,ILLUMINA,,,,SRX6922018,SRR10201884,PRJNA574908,2024-07-11 00:11:35
SRX6922019,,,,,,Zymomonas mobilis subsp. mobilis ZM4 = ATCC 31821,264203,,,,,,,,,,RANDOM,,,HiSeq X Ten,PAIRED,ILLUMINA,,,,SRX6922019,SRR10201883,PRJNA574908,2024-07-11 00:11:35
SRX6922020,,,,,,Zymomonas mobilis subsp. mobilis ZM4 = ATCC 31821,264203,,,,,,,,,,RANDOM,,,HiSeq X Ten,PAIRED,ILLUMINA,,,,SRX6922020,SRR10201882,PRJNA574908,2024-07-11 00:11:35
SRX6922021,,,,,,Zymomonas mobilis subsp. mobilis ZM4 = ATCC 31821,264203,,,,,,,,,,RANDOM,,,HiSeq X Ten,PAIRED,ILLUMINA,,,,SRX6922021,SRR10201881,PRJNA574908,2024-07-11 00:11:35
SRX6922022,,,,,,Zymomonas mobilis subsp. mobilis ZM4 = ATCC 31821,264203,,,,,,,,,,RANDOM,,,HiSeq X Ten,PAIRED,ILLUMINA,,,,SRX6922022,SRR10201880,PRJNA574908,2024-07-11 00:11:35
SRX6922023,,,,,,Zymomonas mobilis subsp. mobilis ZM4 = ATCC 31821,264203,,,,,,,,,,RANDOM,,,HiSeq X Ten,PAIRED,ILLUMINA,,,,SRX6922023,SRR10201879,PRJNA574908,2024-07-11 00:11:35
SRX6922024,,,,,,Zymomonas mobilis subsp. mobilis ZM4 = ATCC 31821,264203,,,,,,,,,,RANDOM,,,HiSeq X Ten,PAIRED,ILLUMINA,,,,SRX6922024,SRR10201878,PRJNA574908,2024-07-11 00:11:35
SRX6922025,,,,,,Zymomonas mobilis subsp. mobilis ZM4 = ATCC 31821,264203,,,,,,,,,,RANDOM,,,HiSeq X Ten,PAIRED,ILLUMINA,,,,SRX6922025,SRR10201877,PRJNA574908,2024-07-11 00:11:35
SRX6922026,,,,,,Zymomonas mobilis subsp. mobilis ZM4 = ATCC 31821,264203,,,,,,,,,,RANDOM,,,HiSeq X Ten,PAIRED,ILLUMINA,,,,SRX6922026,SRR10201876,PRJNA574908,2024-07-11 00:11:36
SRX6922027,,,,,,Zymomonas mobilis subsp. mobilis ZM4 = ATCC 31821,264203,,,,,,,,,,RANDOM,,,HiSeq X Ten,PAIRED,ILLUMINA,,,,SRX6922027,SRR10201875,PRJNA574908,2024-07-11 00:11:36
SRX6922028,,,,,,Zymomonas mobilis subsp. mobilis ZM4 = ATCC 31821,264203,,,,,,,,,,RANDOM,,,HiSeq X Ten,PAIRED,ILLUMINA,,,,SRX6922028,SRR10201874,PRJNA574908,2024-07-11 00:11:36
SRX6922029,,,,,,Zymomonas mobilis subsp. mobilis ZM4 = ATCC 31821,264203,,,,,,,,,,RANDOM,,,HiSeq X Ten,PAIRED,ILLUMINA,,,,SRX6922029,SRR10201873,PRJNA574908,2024-07-11 00:11:36
SRX7101023,,,,,,Zymomonas mobilis subsp. mobilis ZM4 = ATCC 31821,264203,,,,,,,,,,cDNA,,,Illumina HiSeq 2500,PAIRED,ILLUMINA,,,,SRX7101023,SRR10400958,PRJNA587699,2020-07-11 10:33:20
SRX7101024,,,,,,Zymomonas mobilis subsp. mobilis ZM4 = ATCC 31821,264203,,,,,,,,,,cDNA,,,Illumina HiSeq 2500,PAIRED,ILLUMINA,,,,SRX7101024,SRR10400959,PRJNA587699,2020-07-11 10:33:20
SRX7101025,,,,,,Zymomonas mobilis subsp. mobilis ZM4 = ATCC 31821,264203,,,,,,,,,,cDNA,,,Illumina HiSeq 2500,PAIRED,ILLUMINA,,,,SRX7101025,SRR10400960,PRJNA587699,2020-07-11 10:33:20
SRX7101026,,,,,,Zymomonas mobilis subsp. mobilis ZM4 = ATCC 31821,264203,,,,,,,,,,cDNA,,,Illumina HiSeq 2500,PAIRED,ILLUMINA,,,,SRX7101026,SRR10400961,PRJNA587699,2020-07-11 10:33:20
SRX7101027,,,,,,Zymomonas mobilis subsp. mobilis ZM4 = ATCC 31821,264203,,,,,,,,,,cDNA,,,Illumina HiSeq 2500,PAIRED,ILLUMINA,,,,SRX7101027,SRR10400962,PRJNA587699,2020-07-11 10:33:20
SRX7101028,,,,,,Zymomonas mobilis subsp. mobilis ZM4 = ATCC 31821,264203,,,,,,,,,,cDNA,,,Illumina HiSeq 2500,PAIRED,ILLUMINA,,,,SRX7101028,SRR10400963,PRJNA587699,2020-07-11 10:33:20
SRX7101029,,,,,,Zymomonas mobilis subsp. mobilis ZM4 = ATCC 31821,264203,,,,,,,,,,cDNA,,,Illumina HiSeq 2500,PAIRED,ILLUMINA,,,,SRX7101029,SRR10400964,PRJNA587699,2020-07-11 10:33:20
SRX7101030,,,,,,Zymomonas mobilis subsp. mobilis ZM4 = ATCC 31821,264203,,,,,,,,,,cDNA,,,Illumina HiSeq 2500,PAIRED,ILLUMINA,,,,SRX7101030,SRR10400965,PRJNA587699,2020-07-11 10:33:20
SRX7101031,,,,,,Zymomonas mobilis subsp. mobilis ZM4 = ATCC 31821,264203,,,,,,,,,,cDNA,,,Illumina HiSeq 2500,PAIRED,ILLUMINA,,,,SRX7101031,SRR10400966,PRJNA587699,2020-07-11 10:33:20
SRX7101032,,,,,,Zymomonas mobilis subsp. mobilis ZM4 = ATCC 31821,264203,,,,,,,,,,cDNA,,,Illumina HiSeq 2500,PAIRED,ILLUMINA,,,,SRX7101032,SRR10400967,PRJNA587699,2020-07-11 10:33:20
SRX7101033,,,,,,Zymomonas mobilis subsp. mobilis ZM4 = ATCC 31821,264203,,,,,,,,,,cDNA,,,Illumina HiSeq 2500,PAIRED,ILLUMINA,,,,SRX7101033,SRR10400968,PRJNA587699,2020-07-11 10:33:20
SRX7101034,,,,,,Zymomonas mobilis subsp. mobilis ZM4 = ATCC 31821,264203,,,,,,,,,,cDNA,,,Illumina HiSeq 2500,PAIRED,ILLUMINA,,,,SRX7101034,SRR10400969,PRJNA587699,2020-07-11 10:33:20
SRX7101035,,,,,,Zymomonas mobilis subsp. mobilis ZM4 = ATCC 31821,264203,,,,,,,,,,cDNA,,,Illumina HiSeq 2500,PAIRED,ILLUMINA,,,,SRX7101035,SRR10400970,PRJNA587699,2020-07-11 10:33:20
SRX7101036,,,,,,Zymomonas mobilis subsp. mobilis ZM4 = ATCC 31821,264203,,,,,,,,,,cDNA,,,Illumina HiSeq 2500,SINGLE,ILLUMINA,,,,SRX7101036,SRR10400971;SRR10400972;SRR10400973,PRJNA587699,2020-07-11 10:33:20
SRX7101037,,,,,,Zymomonas mobilis subsp. mobilis ZM4 = ATCC 31821,264203,,,,,,,,,,cDNA,,,Illumina HiSeq 2500,SINGLE,ILLUMINA,,,,SRX7101037,SRR10400974;SRR10400975;SRR10400976,PRJNA587699,2020-07-11 10:33:20
SRX7101038,,,,,,Zymomonas mobilis subsp. mobilis ZM4 = ATCC 31821,264203,,,,,,,,,,cDNA,,,Illumina HiSeq 2500,SINGLE,ILLUMINA,,,,SRX7101038,SRR10400977;SRR10400978;SRR10400979,PRJNA587699,2020-07-11 10:33:20
SRX7101039,,,,,,Zymomonas mobilis subsp. mobilis ZM4 = ATCC 31821,264203,,,,,,,,,,cDNA,,,Illumina HiSeq 2500,SINGLE,ILLUMINA,,,,SRX7101039,SRR10400980;SRR10400981;SRR10400982,PRJNA587699,2020-07-11 10:33:20
SRX7101040,,,,,,Zymomonas mobilis subsp. mobilis ZM4 = ATCC 31821,264203,,,,,,,,,,cDNA,,,Illumina HiSeq 2500,SINGLE,ILLUMINA,,,,SRX7101040,SRR10400983;SRR10400984;SRR10400985,PRJNA587699,2020-07-11 10:33:20
SRX7101041,,,,,,Zymomonas mobilis subsp. mobilis ZM4 = ATCC 31821,264203,,,,,,,,,,cDNA,,,Illumina HiSeq 2500,SINGLE,ILLUMINA,,,,SRX7101041,SRR10400986;SRR10400987;SRR10400988,PRJNA587699,2020-07-11 10:33:20
SRX7551986,,,,,,Zymomonas mobilis subsp. mobilis ZM4 = ATCC 31821,264203,,,,,,,,,,RANDOM,,,HiSeq X Ten,PAIRED,ILLUMINA,,,,SRX7551986,SRR10882950,PRJNA601020,2024-01-13 00:16:21
SRX7551987,,,,,,Zymomonas mobilis subsp. mobilis ZM4 = ATCC 31821,264203,,,,,,,,,,RANDOM,,,HiSeq X Ten,PAIRED,ILLUMINA,,,,SRX7551987,SRR10882949,PRJNA601020,2024-01-13 00:16:21
SRX7551988,,,,,,Zymomonas mobilis subsp. mobilis ZM4 = ATCC 31821,264203,,,,,,,,,,RANDOM,,,HiSeq X Ten,PAIRED,ILLUMINA,,,,SRX7551988,SRR10882948,PRJNA601020,2024-01-13 00:16:21
SRX7551989,,,,,,Zymomonas mobilis subsp. mobilis ZM4 = ATCC 31821,264203,,,,,,,,,,RANDOM,,,HiSeq X Ten,PAIRED,ILLUMINA,,,,SRX7551989,SRR10882947,PRJNA601020,2024-01-13 00:16:21
SRX7551990,,,,,,Zymomonas mobilis subsp. mobilis ZM4 = ATCC 31821,264203,,,,,,,,,,RANDOM,,,HiSeq X Ten,PAIRED,ILLUMINA,,,,SRX7551990,SRR10882946,PRJNA601020,2024-01-13 00:16:21
SRX7551991,,,,,,Zymomonas mobilis subsp. mobilis ZM4 = ATCC 31821,264203,,,,,,,,,,RANDOM,,,HiSeq X Ten,PAIRED,ILLUMINA,,,,SRX7551991,SRR10882945,PRJNA601020,2024-01-13 00:16:21
SRX8694706,,,,,,Zymomonas mobilis subsp. mobilis ZM4 = ATCC 31821,264203,,,,,,,,,,size fractionation,,,HiSeq X Ten,PAIRED,ILLUMINA,,,,SRX8694706,SRR12180140,PRJNA644990,2024-07-08 00:02:31
SRX8694707,,,,,,Zymomonas mobilis subsp. mobilis ZM4 = ATCC 31821,264203,,,,,,,,,,size fractionation,,,HiSeq X Ten,PAIRED,ILLUMINA,,,,SRX8694707,SRR12180139,PRJNA644990,2024-07-08 00:02:32
SRX8694708,,,,,,Zymomonas mobilis subsp. mobilis ZM4 = ATCC 31821,264203,,,,,,,,,,size fractionation,,,HiSeq X Ten,PAIRED,ILLUMINA,,,,SRX8694708,SRR12180138,PRJNA644990,2024-07-08 00:02:32
SRX8694709,,,,,,Zymomonas mobilis subsp. mobilis ZM4 = ATCC 31821,264203,,,,,,,,,,size fractionation,,,HiSeq X Ten,PAIRED,ILLUMINA,,,,SRX8694709,SRR12180137,PRJNA644990,2024-07-08 00:02:32
SRX8694710,,,,,,Zymomonas mobilis subsp. mobilis ZM4 = ATCC 31821,264203,,,,,,,,,,size fractionation,,,HiSeq X Ten,PAIRED,ILLUMINA,,,,SRX8694710,SRR12180136,PRJNA644990,2024-07-08 00:02:32
SRX8694711,,,,,,Zymomonas mobilis subsp. mobilis ZM4 = ATCC 31821,264203,,,,,,,,,,size fractionation,,,HiSeq X Ten,PAIRED,ILLUMINA,,,,SRX8694711,SRR12180135,PRJNA644990,2024-07-08 00:02:32
SRX8694712,,,,,,Zymomonas mobilis subsp. mobilis ZM4 = ATCC 31821,264203,,,,,,,,,,size fractionation,,,HiSeq X Ten,PAIRED,ILLUMINA,,,,SRX8694712,SRR12180134,PRJNA644990,2024-07-08 00:02:32
SRX8694713,,,,,,Zymomonas mobilis subsp. mobilis ZM4 = ATCC 31821,264203,,,,,,,,,,size fractionation,,,HiSeq X Ten,PAIRED,ILLUMINA,,,,SRX8694713,SRR12180133,PRJNA644990,2024-07-08 00:02:32
SRX8694714,,,,,,Zymomonas mobilis subsp. mobilis ZM4 = ATCC 31821,264203,,,,,,,,,,size fractionation,,,HiSeq X Ten,PAIRED,ILLUMINA,,,,SRX8694714,SRR12180132,PRJNA644990,2024-07-08 00:02:32
SRX8694715,,,,,,Zymomonas mobilis subsp. mobilis ZM4 = ATCC 31821,264203,,,,,,,,,,size fractionation,,,HiSeq X Ten,PAIRED,ILLUMINA,,,,SRX8694715,SRR12180131,PRJNA644990,2024-07-08 00:02:32
SRX8694716,,,,,,Zymomonas mobilis subsp. mobilis ZM4 = ATCC 31821,264203,,,,,,,,,,size fractionation,,,HiSeq X Ten,PAIRED,ILLUMINA,,,,SRX8694716,SRR12180130,PRJNA644990,2024-07-08 00:02:32
SRX8694717,,,,,,Zymomonas mobilis subsp. mobilis ZM4 = ATCC 31821,264203,,,,,,,,,,size fractionation,,,HiSeq X Ten,PAIRED,ILLUMINA,,,,SRX8694717,SRR12180129,PRJNA644990,2024-07-08 00:02:33
SRX8694718,,,,,,Zymomonas mobilis subsp. mobilis ZM4 = ATCC 31821,264203,,,,,,,,,,size fractionation,,,HiSeq X Ten,PAIRED,ILLUMINA,,,,SRX8694718,SRR12180128,PRJNA644990,2024-07-08 00:02:33
SRX8694719,,,,,,Zymomonas mobilis subsp. mobilis ZM4 = ATCC 31821,264203,,,,,,,,,,size fractionation,,,HiSeq X Ten,PAIRED,ILLUMINA,,,,SRX8694719,SRR12180127,PRJNA644990,2024-07-08 00:02:33
SRX8694720,,,,,,Zymomonas mobilis subsp. mobilis ZM4 = ATCC 31821,264203,,,,,,,,,,size fractionation,,,HiSeq X Ten,PAIRED,ILLUMINA,,,,SRX8694720,SRR12180126,PRJNA644990,2024-07-08 00:02:33
SRX8694721,,,,,,Zymomonas mobilis subsp. mobilis ZM4 = ATCC 31821,264203,,,,,,,,,,size fractionation,,,HiSeq X Ten,PAIRED,ILLUMINA,,,,SRX8694721,SRR12180125,PRJNA644990,2024-07-08 00:02:33
SRX8694722,,,,,,Zymomonas mobilis subsp. mobilis ZM4 = ATCC 31821,264203,,,,,,,,,,size fractionation,,,HiSeq X Ten,PAIRED,ILLUMINA,,,,SRX8694722,SRR12180124,PRJNA644990,2024-07-08 00:02:33
SRX8694723,,,,,,Zymomonas mobilis subsp. mobilis ZM4 = ATCC 31821,264203,,,,,,,,,,size fractionation,,,HiSeq X Ten,PAIRED,ILLUMINA,,,,SRX8694723,SRR12180123,PRJNA644990,2024-07-08 00:02:33
SRX8694724,,,,,,Zymomonas mobilis subsp. mobilis ZM4 = ATCC 31821,264203,,,,,,,,,,size fractionation,,,HiSeq X Ten,PAIRED,ILLUMINA,,,,SRX8694724,SRR12180122,PRJNA644990,2024-07-08 00:02:33
SRX8694725,,,,,,Zymomonas mobilis subsp. mobilis ZM4 = ATCC 31821,264203,,,,,,,,,,size fractionation,,,HiSeq X Ten,PAIRED,ILLUMINA,,,,SRX8694725,SRR12180121,PRJNA644990,2024-07-08 00:02:33
SRX8694726,,,,,,Zymomonas mobilis subsp. mobilis ZM4 = ATCC 31821,264203,,,,,,,,,,size fractionation,,,HiSeq X Ten,PAIRED,ILLUMINA,,,,SRX8694726,SRR12180120,PRJNA644990,2024-07-08 00:02:33
SRX8694727,,,,,,Zymomonas mobilis subsp. mobilis ZM4 = ATCC 31821,264203,,,,,,,,,,size fractionation,,,HiSeq X Ten,PAIRED,ILLUMINA,,,,SRX8694727,SRR12180119,PRJNA644990,2024-07-08 00:02:34
SRX8694728,,,,,,Zymomonas mobilis subsp. mobilis ZM4 = ATCC 31821,264203,,,,,,,,,,size fractionation,,,HiSeq X Ten,PAIRED,ILLUMINA,,,,SRX8694728,SRR12180118,PRJNA644990,2024-07-08 00:02:34
SRX8694729,,,,,,Zymomonas mobilis subsp. mobilis ZM4 = ATCC 31821,264203,,,,,,,,,,size fractionation,,,HiSeq X Ten,PAIRED,ILLUMINA,,,,SRX8694729,SRR12180117,PRJNA644990,2024-07-08 00:02:34
